Time,mAU
0,0.000536442
0.004853333,0.000178814
0.009706667,-0.000715256
0.01456,-0.001847744
0.019413333,-0.003218651
0.024266667,-0.004351139
0.02912,-0.005245209
0.033973333,-0.005781651
0.038826667,-0.005841255
0.04368,-0.005662441
0.048533333,-0.005185604
0.053386667,-0.004708767
0.05824,-0.004291534
0.063093333,-0.004053116
0.067946667,-0.003814697
0.0728,-0.003516674
0.077653333,-0.003218651
0.082506667,-0.003039837
0.08736,-0.002861023
0.092213333,-0.002801418
0.097066667,-0.002861023
0.10192,-0.003039837
0.106773333,-0.003218651
0.111626667,-0.003099442
0.11648,-0.002920628
0.121333333,-0.002622604
0.126186667,-0.00244379
0.13104,-0.002324581
0.135893333,-0.002324581
0.140746667,-0.002324581
0.1456,-0.002264977
0.150453333,-0.002086163
0.155306667,-0.001788139
0.16016,-0.001490116
0.165013333,-0.001251698
0.169866667,-0.001251698
0.17472,-0.001430511
0.179573333,-0.001907349
0.184426667,-0.002563
0.18928,-0.003516674
0.194133333,-0.004470348
0.198986667,-0.005424023
0.20384,-0.006079674
0.208693333,-0.006437302
0.213546667,-0.006318092
0.2184,-0.005662441
0.223253333,-0.004827976
0.228106667,-0.003993511
0.23296,-0.003278255
0.237813333,-0.002980232
0.242666667,-0.002801418
0.24752,-0.002741814
0.252373333,-0.002622604
0.257226667,-0.002384186
0.26208,-0.001907349
0.266933333,-0.001430511
0.271786667,-0.000953674
0.27664,-0.000298023
0.281493333,0.000298023
0.286346667,0.001072884
0.2912,0.001907349
0.296053333,0.002741814
0.300906667,0.003457069
0.30576,0.003874302
0.310613333,0.003993511
0.315466667,0.003695488
0.32032,0.003039837
0.325173333,0.002264977
0.330026667,0.001370907
0.33488,0.000596046
0.339733333,-0.000119209
0.344586667,-0.000715256
0.34944,-0.001132488
0.354293333,-0.001430511
0.359146667,-0.001728535
0.364,-0.001847744
0.368853333,-0.00166893
0.373706667,-0.001490116
0.37856,-0.001072884
0.383413333,-0.000536442
0.388266667,-5.96E-05
0.39312,0.000298023
0.397973333,0.000596046
0.402826667,0.000596046
0.40768,0.000536442
0.412533333,0.000357628
0.417386667,-0.000119209
0.42224,-0.000715256
0.427093333,-0.001490116
0.431946667,-0.002384186
0.4368,-0.003397465
0.441653333,-0.004291534
0.446506667,-0.00500679
0.45136,-0.005722046
0.456213333,-0.006139278
0.461066667,-0.006496906
0.46592,-0.006616116
0.470773333,-0.00667572
0.475626667,-0.006556511
0.48048,-0.006496906
0.485333333,-0.006377697
0.490186667,-0.006258488
0.49504,-0.006258488
0.499893333,-0.006139278
0.504746667,-0.006079674
0.5096,-0.005960464
0.514453333,-0.005602837
0.519306667,-0.005245209
0.52416,-0.00500679
0.529013333,-0.004708767
0.533866667,-0.004470348
0.53872,-0.004172325
0.543573333,-0.003814697
0.548426667,-0.003576279
0.55328,-0.00333786
0.558133333,-0.003099442
0.562986667,-0.002741814
0.56784,-0.002324581
0.572693333,-0.001847744
0.577546667,-0.001251698
0.5824,-0.000834465
0.587253333,-0.000476837
0.592106667,-0.000238419
0.59696,-0.000119209
0.601813333,0.000119209
0.606666667,0.000357628
0.61152,0.000834465
0.616373333,0.001132488
0.621226667,0.001251698
0.62608,0.001132488
0.630933333,0.000715256
0.635786667,0.000178814
0.64064,-0.000655651
0.645493333,-0.001490116
0.650346667,-0.00244379
0.6552,-0.00333786
0.660053333,-0.004351139
0.664906667,-0.005125999
0.66976,-0.005662441
0.674613333,-0.005960464
0.679466667,-0.00590086
0.68432,-0.005424023
0.689173333,-0.004827976
0.694026667,-0.004172325
0.69888,-0.003397465
0.703733333,-0.002861023
0.708586667,-0.002384186
0.71344,-0.002264977
0.718293333,-0.00244379
0.723146667,-0.002980232
0.728,-0.003457069
0.732853333,-0.003874302
0.737706667,-0.003874302
0.74256,-0.003576279
0.747413333,-0.003099442
0.752266667,-0.002563
0.75712,-0.002145767
0.761973333,-0.001966953
0.766826667,-0.001966953
0.77168,-0.001907349
0.776533333,-0.001847744
0.781386667,-0.001370907
0.78624,-0.000715256
0.791093333,0.000178814
0.795946667,0.000834465
0.8008,0.001370907
0.805653333,0.001430511
0.810506667,0.001072884
0.81536,0.000417233
0.820213333,-0.000298023
0.825066667,-0.000834465
0.82992,-0.001192093
0.834773333,-0.001311302
0.839626667,-0.001370907
0.84448,-0.001430511
0.849333333,-0.00166893
0.854186667,-0.001788139
0.85904,-0.001907349
0.863893333,-0.001847744
0.868746667,-0.00166893
0.8736,-0.001549721
0.878453333,-0.001549721
0.883306667,-0.001728535
0.88816,-0.001966953
0.893013333,-0.002205372
0.897866667,-0.002264977
0.90272,-0.002086163
0.907573333,-0.00166893
0.912426667,-0.001370907
0.91728,-0.001072884
0.922133333,-0.001132488
0.926986667,-0.001311302
0.93184,-0.00166893
0.936693333,-0.002145767
0.941546667,-0.002563
0.9464,-0.002801418
0.951253333,-0.002861023
0.956106667,-0.002801418
0.96096,-0.002503395
0.965813333,-0.002205372
0.970666667,-0.001728535
0.97552,-0.001311302
0.980373333,-0.001192093
0.985226667,-0.001251698
0.99008,-0.001788139
0.994933333,-0.002503395
0.999786667,-0.003218651
1.00464,-0.003635883
1.009493333,-0.003576279
1.014346667,-0.003159046
1.0192,-0.002264977
1.024053333,-0.001370907
1.028906667,-0.000596046
1.03376,-0.000417233
1.038613333,-0.00077486
1.043466667,-0.00166893
1.04832,-0.002861023
1.053173333,-0.00411272
1.058026667,-0.005304813
1.06288,-0.00590086
1.067733333,-0.005960464
1.072586667,-0.005543232
1.07744,-0.004708767
1.082293333,-0.003695488
1.087146667,-0.002741814
1.092,-0.001966953
1.096853333,-0.001549721
1.101706667,-0.001370907
1.10656,-0.001370907
1.111413333,-0.001430511
1.116266667,-0.001549721
1.12112,-0.001549721
1.125973333,-0.00166893
1.130826667,-0.001847744
1.13568,-0.001966953
1.140533333,-0.001966953
1.145386667,-0.001847744
1.15024,-0.001609325
1.155093333,-0.001251698
1.159946667,-0.000834465
1.1648,-0.000536442
1.169653333,-0.000417233
1.174506667,-0.000536442
1.17936,-0.001072884
1.184213333,-0.001847744
1.189066667,-0.002861023
1.19392,-0.003814697
1.198773333,-0.004470348
1.203626667,-0.004589558
1.20848,-0.004172325
1.213333333,-0.003397465
1.218186667,-0.002384186
1.22304,-0.001549721
1.227893333,-0.00089407
1.232746667,-0.000655651
1.2376,-0.000476837
1.242453333,-0.000655651
1.247306667,-0.00077486
1.25216,-0.00089407
1.257013333,-0.001013279
1.261866667,-0.001311302
1.26672,-0.00166893
1.271573333,-0.001966953
1.276426667,-0.002324581
1.28128,-0.002503395
1.286133333,-0.002682209
1.290986667,-0.002682209
1.29584,-0.002741814
1.300693333,-0.002801418
1.305546667,-0.003039837
1.3104,-0.00333786
1.315253333,-0.003635883
1.320106667,-0.00411272
1.32496,-0.004410744
1.329813333,-0.004589558
1.334666667,-0.004649162
1.33952,-0.004589558
1.344373333,-0.004589558
1.349226667,-0.004529953
1.35408,-0.004649162
1.358933333,-0.004649162
1.363786667,-0.004649162
1.36864,-0.004649162
1.373493333,-0.004470348
1.378346667,-0.004410744
1.3832,-0.00411272
1.388053333,-0.003933907
1.392906667,-0.003635883
1.39776,-0.003397465
1.402613333,-0.003099442
1.407466667,-0.002980232
1.41232,-0.002980232
1.417173333,-0.003099442
1.422026667,-0.003278255
1.42688,-0.003516674
1.431733333,-0.003635883
1.436586667,-0.003695488
1.44144,-0.003695488
1.446293333,-0.003516674
1.451146667,-0.003457069
1.456,-0.003516674
1.460853333,-0.003635883
1.465706667,-0.003814697
1.47056,-0.003993511
1.475413333,-0.004172325
1.480266667,-0.004351139
1.48512,-0.004589558
1.489973333,-0.004947186
1.494826667,-0.005304813
1.49968,-0.005841255
1.504533333,-0.006556511
1.509386667,-0.006973743
1.51424,-0.007271767
1.519093333,-0.007152557
1.523946667,-0.006914139
1.5288,-0.006377697
1.533653333,-0.006020069
1.538506667,-0.00590086
1.54336,-0.006020069
1.548213333,-0.006377697
1.553066667,-0.006735325
1.55792,-0.007212162
1.562773333,-0.007748604
1.567626667,-0.008046627
1.57248,-0.00846386
1.577333333,-0.008702278
1.582186667,-0.008821487
1.58704,-0.008642673
1.591893333,-0.008106232
1.596746667,-0.007212162
1.6016,-0.006020069
1.606453333,-0.004768372
1.611306667,-0.003576279
1.61616,-0.002861023
1.621013333,-0.002622604
1.625866667,-0.002920628
1.63072,-0.003516674
1.635573333,-0.004172325
1.640426667,-0.004887581
1.64528,-0.005364418
1.650133333,-0.005722046
1.654986667,-0.00590086
1.65984,-0.006258488
1.664693333,-0.00667572
1.669546667,-0.007212162
1.6744,-0.007867813
1.679253333,-0.00846386
1.684106667,-0.009179115
1.68896,-0.009536743
1.693813333,-0.009834766
1.698666667,-0.009953976
1.70352,-0.009953976
1.708373333,-0.009715557
1.713226667,-0.009357929
1.71808,-0.009000301
1.722933333,-0.008523464
1.727786667,-0.008106232
1.73264,-0.007867813
1.737493333,-0.007867813
1.742346667,-0.007927418
1.7472,-0.008046627
1.752053333,-0.008046627
1.756906667,-0.008225441
1.76176,-0.008285046
1.766613333,-0.008404255
1.771466667,-0.008702278
1.77632,-0.009000301
1.781173333,-0.009298325
1.786026667,-0.009596348
1.79088,-0.009834766
1.795733333,-0.009953976
1.800586667,-0.009894371
1.80544,-0.009655952
1.810293333,-0.00923872
1.815146667,-0.008821487
1.82,-0.00834465
1.824853333,-0.007808208
1.829706667,-0.007629395
1.83456,-0.007510185
1.839413333,-0.007629395
1.844266667,-0.007867813
1.84912,-0.008106232
1.853973333,-0.008225441
1.858826667,-0.008165836
1.86368,-0.007987022
1.868533333,-0.007748604
1.873386667,-0.00756979
1.87824,-0.007510185
1.883093333,-0.007331371
1.887946667,-0.007212162
1.8928,-0.006973743
1.897653333,-0.00667572
1.902506667,-0.006496906
1.90736,-0.006437302
1.912213333,-0.006735325
1.917066667,-0.007271767
1.92192,-0.007927418
1.926773333,-0.008523464
1.931626667,-0.009059906
1.93648,-0.00923872
1.941333333,-0.00923872
1.946186667,-0.009298325
1.95104,-0.009596348
1.955893333,-0.01013279
1.960746667,-0.010788441
1.9656,-0.011503696
1.970453333,-0.012040138
1.975306667,-0.012099743
1.98016,-0.011742115
1.985013333,-0.011265278
1.989866667,-0.010609627
1.99472,-0.009894371
1.999573333,-0.009059906
2.004426667,-0.008046627
2.00928,-0.00667572
2.014133333,-0.004827976
2.018986667,-0.002324581
2.02384,0.00089407
2.028693333,0.004649162
2.033546667,0.009179115
2.0384,0.014483929
2.043253333,0.020861626
2.048106667,0.028312206
2.05296,0.037431717
2.057813333,0.048100948
2.062666667,0.060677528
2.06752,0.074923038
2.072373333,0.091314316
2.077226667,0.110149384
2.08208,0.132322311
2.086933333,0.159263611
2.091786667,0.193178654
2.09664,0.236988068
2.101493333,0.294268131
2.106346667,0.368833542
2.1112,0.464379787
2.116053333,0.583708286
2.120906667,0.727951527
2.12576,0.896394253
2.130613333,1.085937023
2.135466667,1.291155815
2.14032,1.504540443
2.145173333,1.717269421
2.150026667,1.919865608
2.15488,2.103149891
2.159733333,2.258300781
2.164586667,2.377390862
2.16944,2.452373505
2.174293333,2.473711967
2.179146667,2.428472042
2.184,2.297103405
2.188853333,2.051830292
2.193706667,1.655340195
2.19856,1.062989235
2.203413333,0.228047371
2.208266667,-0.889539719
2.21312,-2.312004566
2.217973333,-4.03380394
2.222826667,-6.015539169
2.22768,-8.184075356
2.232533333,-10.43987274
2.237386667,-12.66998053
2.24224,-14.76496458
2.247093333,-16.6323185
2.251946667,-18.20766926
2.2568,-19.45817471
2.261653333,-20.37972212
2.266506667,-20.99072933
2.27136,-21.32332325
2.276213333,-21.41559124
2.281066667,-21.30609751
2.28592,-21.03060484
2.290773333,-20.62094212
2.295626667,-20.10560036
2.30048,-19.50967312
2.305333333,-18.85610819
2.310186667,-18.16570759
2.31504,-17.45688915
2.319893333,-16.74556732
2.324746667,-16.04491472
2.3296,-15.36494493
2.334453333,-14.71233368
2.339306667,-14.09143209
2.34416,-13.50349188
2.349013333,-12.9481554
2.353866667,-12.42351532
2.35872,-11.9265914
2.363573333,-11.45386696
2.368426667,-11.00176573
2.37328,-10.56653261
2.378133333,-10.14512777
2.382986667,-9.734511375
2.38784,-9.332060814
2.392693333,-8.936047554
2.397546667,-8.54486227
2.4024,-8.157432079
2.407253333,-7.773458958
2.412106667,-7.392764091
2.41696,-7.015645504
2.421813333,-6.642401218
2.426666667,-6.273329258
2.43152,-5.908310413
2.436373333,-5.546271801
2.441226667,-5.185842514
2.44608,-4.823982716
2.450933333,-4.456281662
2.455786667,-4.077076912
2.46064,-3.679454327
2.465493333,-3.254950047
2.470346667,-2.79456377
2.4752,-2.289175987
2.480053333,-1.729786396
2.484906667,-1.108169556
2.48976,-0.417053699
2.494613333,0.350117683
2.499466667,1.198709011
2.50432,2.134263515
2.509173333,3.162264824
2.514026667,4.288911819
2.51888,5.522429943
2.523733333,6.872534752
2.528586667,8.35198164
2.53344,9.976685047
2.538293333,11.76643372
2.543146667,13.74477148
2.548,15.93869925
2.552853333,18.37664843
2.557706667,21.08514309
2.56256,24.08266068
2.567413333,27.37224102
2.572266667,30.93236685
2.57712,34.70945358
2.581973333,38.61361742
2.586826667,42.52076149
2.59168,46.28133774
2.596533333,49.73721504
2.601386667,52.74105072
2.60624,55.17721176
2.611093333,56.97745085
2.615946667,58.12859535
2.6208,58.67129564
2.625653333,58.68911743
2.630506667,58.29250813
2.63536,57.6004982
2.640213333,56.72442913
2.645066667,55.75531721
2.64992,54.75580692
2.654773333,53.75504494
2.659626667,52.74581909
2.66448,51.68396235
2.669333333,50.49204826
2.674186667,49.07000065
2.67904,47.31273651
2.683893333,45.13311386
2.688746667,42.4849391
2.6936,39.3807888
2.698453333,35.89552641
2.703306667,32.15557337
2.70816,28.31614017
2.713013333,24.53202009
2.717866667,20.93374729
2.72272,17.61299372
2.727573333,14.62167501
2.732426667,11.98017597
2.73728,9.689688683
2.742133333,7.742643356
2.746986667,6.127119064
2.75184,4.826009274
2.756693333,3.814339638
2.761546667,3.056943417
2.7664,2.510309219
2.771253333,2.126455307
2.776106667,1.859486103
2.78096,1.671075821
2.785813333,1.532614231
2.790666667,1.425147057
2.79552,1.337409019
2.800373333,1.262426376
2.805226667,1.196563244
2.81008,1.137495041
2.814933333,1.083612442
2.819786667,1.033902168
2.82464,0.98747015
2.829493333,0.943720341
2.834346667,0.902354717
2.8392,0.863015652
2.844053333,0.82552433
2.848906667,0.789761543
2.85376,0.755310059
2.858613333,0.72234869
2.863466667,0.69051981
2.86832,0.659406185
2.873173333,0.62918663
2.878026667,0.599622726
2.88288,0.57053566
2.887733333,0.542163849
2.892586667,0.514626503
2.89744,0.487864017
2.902293333,0.461935997
2.907146667,0.436604023
2.912,0.4119277
2.916853333,0.387728214
2.921706667,0.363945961
2.92656,0.34058094
2.931413333,0.317573547
2.936266667,0.294864178
2.94112,0.272333622
2.945973333,0.249743462
2.950826667,0.226974487
2.95568,0.203847885
2.960533333,0.180482864
2.965386667,0.156879425
2.97024,0.133216381
2.975093333,0.109434128
2.979946667,0.085651875
2.9848,0.062048435
2.989653333,0.038266182
2.994506667,0.014543533
2.99936,-0.009059906
3.004213333,-0.032603741
3.009066667,-0.056087971
3.01392,-0.079631805
3.018773333,-0.103294849
3.023626667,-0.126957893
3.02848,-0.150799751
3.033333333,-0.174641609
3.038186667,-0.198423862
3.04304,-0.222086906
3.047893333,-0.245571136
3.052746667,-0.268995762
3.0576,-0.29271841
3.062453333,-0.316739082
3.067306667,-0.341296196
3.07216,-0.366270542
3.077013333,-0.391483307
3.081866667,-0.416636467
3.08672,-0.441551208
3.091573333,-0.466287136
3.096426667,-0.490665436
3.10128,-0.514984131
3.106133333,-0.539541245
3.110986667,-0.564098358
3.11584,-0.589072704
3.120693333,-0.61416626
3.125546667,-0.63931942
3.1304,-0.66447258
3.135253333,-0.689506531
3.140106667,-0.714659691
3.14496,-0.739574432
3.149813333,-0.764489174
3.154666667,-0.789165497
3.15952,-0.813961029
3.164373333,-0.838756561
3.169226667,-0.863850117
3.17408,-0.889241695
3.178933333,-0.914990902
3.183786667,-0.941157341
3.18864,-0.967383385
3.193493333,-0.993669033
3.198346667,-1.019775867
3.2032,-1.045525074
3.208053333,-1.070976257
3.212906667,-1.096069813
3.21776,-1.12092495
3.222613333,-1.145541668
3.227466667,-1.170039177
3.23232,-1.194536686
3.237173333,-1.218914986
3.242026667,-1.243293285
3.24688,-1.267671585
3.251733333,-1.292169094
3.256586667,-1.316606998
3.26144,-1.340985298
3.266293333,-1.365482807
3.271146667,-1.389861107
3.276,-1.414000988
3.280853333,-1.438200474
3.285706667,-1.462340355
3.29056,-1.486480236
3.295413333,-1.510441303
3.300266667,-1.534163952
3.30512,-1.557648182
3.309973333,-1.580953598
3.314826667,-1.604020596
3.31968,-1.627206802
3.324533333,-1.650631428
3.329386667,-1.674413681
3.33424,-1.698493958
3.339093333,-1.722931862
3.343946667,-1.747369766
3.3488,-1.771867275
3.353653333,-1.79618597
3.358506667,-1.820385456
3.36336,-1.844227314
3.368213333,-1.867711544
3.373066667,-1.890897751
3.37792,-1.913666725
3.382773333,-1.93631649
3.387626667,-1.958966255
3.39248,-1.981794834
3.397333333,-2.004861832
3.402186667,-2.027988434
3.40704,-2.05129385
3.411893333,-2.074182034
3.416746667,-2.09659338
3.4216,-2.118527889
3.426453333,-2.139806747
3.431306667,-2.160668373
3.43616,-2.181351185
3.441013333,-2.201676369
3.445866667,-2.222061157
3.45072,-2.24262476
3.455573333,-2.263307571
3.460426667,-2.284169197
3.46528,-2.305209637
3.470133333,-2.326190472
3.474986667,-2.347052097
3.47984,-2.367734909
3.484693333,-2.388119698
3.489546667,-2.408385277
3.4944,-2.428770065
3.499253333,-2.449393272
3.504106667,-2.470135689
3.50896,-2.490997314
3.513813333,-2.51185894
3.518666667,-2.532660961
3.52352,-2.553403378
3.528373333,-2.57396698
3.533226667,-2.594530582
3.53808,-2.61503458
3.542933333,-2.635300159
3.547786667,-2.65532732
3.55264,-2.67469883
3.557493333,-2.693474293
3.562346667,-2.711772919
3.5672,-2.729833126
3.572053333,-2.747893333
3.576906667,-2.766013145
3.58176,-2.784252167
3.586613333,-2.802491188
3.591466667,-2.820730209
3.59632,-2.838790417
3.601173333,-2.856612206
3.606026667,-2.874314785
3.61088,-2.891778946
3.615733333,-2.909362316
3.620586667,-2.926707268
3.62544,-2.944111824
3.630293333,-2.961158752
3.635146667,-2.977728844
3.64,-2.993762493
3.644853333,-3.009557724
3.649706667,-3.024935722
3.65456,-3.040194511
3.659413333,-3.055214882
3.664266667,-3.070235252
3.66912,-3.085076809
3.673973333,-3.099262714
3.678826667,-3.113031387
3.68368,-3.126323223
3.688533333,-3.139138222
3.693386667,-3.151774406
3.69824,-3.164172173
3.703093333,-3.176629543
3.707946667,-3.188788891
3.7128,-3.200829029
3.717653333,-3.212571144
3.722506667,-3.223955631
3.72736,-3.235042095
3.732213333,-3.245830536
3.737066667,-3.256261349
3.74192,-3.266334534
3.746773333,-3.275871277
3.751626667,-3.285050392
3.75648,-3.293931484
3.761333333,-3.302574158
3.766186667,-3.311276436
3.77104,-3.320097923
3.775893333,-3.32903862
3.780746667,-3.337919712
3.7856,-3.346741199
3.790453333,-3.355383873
3.795306667,-3.363728523
3.80016,-3.371715546
3.805013333,-3.37934494
3.809866667,-3.386735916
3.81472,-3.393650055
3.819573333,-3.400266171
3.824426667,-3.406584263
3.82928,-3.412544727
3.834133333,-3.418207169
3.838986667,-3.423571587
3.84384,-3.428995609
3.848693333,-3.434121609
3.853546667,-3.439188004
3.8584,-3.444075584
3.863253333,-3.448843956
3.868106667,-3.453552723
3.87296,-3.458142281
3.877813333,-3.462672234
3.882666667,-3.467023373
3.88752,-3.471434116
3.892373333,-3.475666046
3.897226667,-3.479540348
3.90208,-3.483295441
3.906933333,-3.48675251
3.911786667,-3.489851952
3.91664,-3.492891788
3.921493333,-3.495693207
3.926346667,-3.49843502
3.9312,-3.501117229
3.936053333,-3.503739834
3.940906667,-3.506302834
3.94576,-3.508985043
3.950613333,-3.511548042
3.955466667,-3.514289856
3.96032,-3.517091274
3.965173333,-3.520131111
3.970026667,-3.522992134
3.97488,-3.525853157
3.979733333,-3.528475761
3.984586667,-3.530740738
3.98944,-3.532588482
3.994293333,-3.534197807
3.999146667,-3.535687923
4.004,-3.537118435
4.008853333,-3.53872776
4.013706667,-3.54039669
4.01856,-3.54218483
4.023413333,-3.543913364
4.028266667,-3.545463085
4.03312,-3.546595573
4.037973333,-3.547489643
4.042826667,-3.54808569
4.04768,-3.548741341
4.052533333,-3.549277782
4.057386667,-3.550052643
4.06224,-3.551006317
4.067093333,-3.552079201
4.071946667,-3.553271294
4.0768,-3.554582596
4.081653333,-3.556072712
4.086506667,-3.557562828
4.09136,-3.559172153
4.096213333,-3.560602665
4.101066667,-3.561913967
4.10592,-3.562986851
4.110773333,-3.56388092
4.115626667,-3.564834595
4.12048,-3.565847874
4.125333333,-3.566920757
4.130186667,-3.568232059
4.13504,-3.569543362
4.139893333,-3.570854664
4.144746667,-3.571987152
4.1496,-3.573417664
4.154453333,-3.57490778
4.159306667,-3.576695919
4.16416,-3.578960896
4.169013333,-3.581464291
4.173866667,-3.5841465
4.17872,-3.587007523
4.183573333,-3.589749336
4.188426667,-3.592252731
4.19328,-3.594756126
4.198133333,-3.597080708
4.202986667,-3.599345684
4.20784,-3.601789474
4.212693333,-3.604412079
4.217546667,-3.607213497
4.2224,-3.610193729
4.227253333,-3.613173962
4.232106667,-3.616154194
4.23696,-3.619074821
4.241813333,-3.62175703
4.246666667,-3.62432003
4.25152,-3.626763821
4.256373333,-3.629505634
4.261226667,-3.632247448
4.26608,-3.635346889
4.270933333,-3.638863564
4.275786667,-3.642678261
4.28064,-3.646671772
4.285493333,-3.650724888
4.290346667,-3.654956818
4.2952,-3.659248352
4.300053333,-3.663361073
4.304906667,-3.667652607
4.30976,-3.671765327
4.314613333,-3.675580025
4.319466667,-3.679096699
4.32432,-3.682374954
4.329173333,-3.68565321
4.334026667,-3.688931465
4.33888,-3.692507744
4.343733333,-3.696501255
4.348586667,-3.700733185
4.35344,-3.704965115
4.358293333,-3.709256649
4.363146667,-3.713130951
4.368,-3.716886044
4.372853333,-3.720462322
4.377706667,-3.72415781
4.38256,-3.727853298
4.387413333,-3.732025623
4.392266667,-3.736376762
4.39712,-3.741085529
4.401973333,-3.74597311
4.406826667,-3.750920296
4.41168,-3.755748272
4.416533333,-3.760516644
4.421386667,-3.765106201
4.42624,-3.769397736
4.431093333,-3.773391247
4.435946667,-3.777265549
4.4408,-3.781080246
4.445653333,-3.785073757
4.450506667,-3.789246082
4.45536,-3.793537617
4.460213333,-3.798007965
4.465066667,-3.802597523
4.46992,-3.806948662
4.474773333,-3.811061382
4.479626667,-3.81487608
4.48448,-3.818452358
4.489333333,-3.821969032
4.494186667,-3.825366497
4.49904,-3.828704357
4.503893333,-3.831982613
4.508746667,-3.835082054
4.5136,-3.837883472
4.518453333,-3.840506077
4.523306667,-3.843009472
4.52816,-3.845572472
4.533013333,-3.848433495
4.537866667,-3.851771355
4.54272,-3.855466843
4.547573333,-3.859460354
4.552426667,-3.863871098
4.55728,-3.868401051
4.562133333,-3.872871399
4.566986667,-3.877222538
4.57184,-3.881394863
4.576693333,-3.88532877
4.581546667,-3.888845444
4.5864,-3.892362118
4.591253333,-3.895640373
4.596106667,-3.898859024
4.60096,-3.901958466
4.605813333,-3.905117512
4.610666667,-3.908276558
4.61552,-3.911554813
4.620373333,-3.914833069
4.625226667,-3.918349743
4.63008,-3.921806812
4.634933333,-3.925204277
4.639786667,-3.928422928
4.64464,-3.931581974
4.649493333,-3.934621811
4.654346667,-3.937482834
4.6592,-3.940224648
4.664053333,-3.942847252
4.668906667,-3.945410252
4.67376,-3.947913647
4.678613333,-3.950417042
4.683466667,-3.95321846
4.68832,-3.956139088
4.693173333,-3.959357738
4.698026667,-3.962576389
4.70288,-3.965675831
4.707733333,-3.968656063
4.712586667,-3.971397877
4.71744,-3.973901272
4.722293333,-3.976345062
4.727146667,-3.978669643
4.732,-3.981053829
4.736853333,-3.98337841
4.741706667,-3.985822201
4.74656,-3.988206387
4.751413333,-3.990471363
4.756266667,-3.99273634
4.76112,-3.994882107
4.765973333,-3.996968269
4.770826667,-3.999114037
4.77568,-4.001259804
4.780533333,-4.00352478
4.785386667,-4.005908966
4.79024,-4.008471966
4.795093333,-4.011273384
4.799946667,-4.014194012
4.8048,-4.017174244
4.809653333,-4.020273685
4.814506667,-4.023373127
4.81936,-4.02623415
4.824213333,-4.028856754
4.829066667,-4.031300545
4.83392,-4.033386707
4.838773333,-4.035294056
4.843626667,-4.037082195
4.84848,-4.038989544
4.853333333,-4.041194916
4.858186667,-4.04381752
4.86304,-4.046678543
4.867893333,-4.049539566
4.872746667,-4.052221775
4.8776,-4.054486752
4.882453333,-4.056215286
4.887306667,-4.057645798
4.89216,-4.058778286
4.897013333,-4.060029984
4.901866667,-4.061579704
4.90672,-4.063367844
4.911573333,-4.065573215
4.916426667,-4.067838192
4.92128,-4.070103168
4.926133333,-4.07230854
4.930986667,-4.074335098
4.93584,-4.076302052
4.940693333,-4.0782094
4.945546667,-4.079937935
4.9504,-4.08166647
4.955253333,-4.083275795
4.960106667,-4.084765911
4.96496,-4.086315632
4.969813333,-4.087805748
4.974666667,-4.089534283
4.97952,-4.091560841
4.984373333,-4.093766212
4.989226667,-4.095971584
4.99408,-4.097998142
4.998933333,-4.099369049
5.003786667,-4.1000247
5.00864,-4.100084305
5.013493333,-4.099428654
5.018346667,-4.098296165
5.0232,-4.09668684
5.028053333,-4.094362259
5.032906667,-4.091203213
5.03776,-4.086971283
5.042613333,-4.081726074
5.047466667,-4.075348377
5.05232,-4.067480564
5.057173333,-4.05818224
5.062026667,-4.046797752
5.06688,-4.032611847
5.071733333,-4.014909267
5.076586667,-3.992855549
5.08144,-3.965854645
5.086293333,-3.933131695
5.091146667,-3.894209862
5.096,-3.848493099
5.100853333,-3.795027733
5.105706667,-3.732860088
5.11056,-3.66050005
5.115413333,-3.57657671
5.120266667,-3.479480743
5.12512,-3.367722034
5.129973333,-3.240048885
5.134826667,-3.095328808
5.13968,-2.932608128
5.144533333,-2.751350403
5.149386667,-2.551019192
5.15424,-2.331674099
5.159093333,-2.093195915
5.163946667,-1.836180687
5.1688,-1.561462879
5.173653333,-1.270353794
5.178506667,-0.96476078
5.18336,-0.647068024
5.188213333,-0.320017338
5.193066667,0.012695789
5.19792,0.347435474
5.202773333,0.679850578
5.207626667,1.005530357
5.21248,1.31970644
5.217333333,1.617729664
5.222186667,1.894712448
5.22704,2.146244049
5.231893333,2.368509769
5.236746667,2.557873726
5.2416,2.711355686
5.246453333,2.826869488
5.251306667,2.902925014
5.25616,2.938687801
5.261013333,2.934217453
5.265866667,2.890169621
5.27072,2.808094025
5.275573333,2.690374851
5.280426667,2.5395751
5.28528,2.359032631
5.290133333,2.152383327
5.294986667,1.923203468
5.29984,1.675546169
5.304693333,1.413285732
5.309546667,1.140296459
5.3144,0.859856606
5.319253333,0.575482845
5.324106667,0.290095806
5.32896,0.006258488
5.333813333,-0.273227692
5.338666667,-0.546097755
5.34352,-0.810325146
5.348373333,-1.063942909
5.353226667,-1.305520535
5.35808,-1.533865929
5.362933333,-1.74844265
5.367786667,-1.948833466
5.37264,-2.13509798
5.377493333,-2.307593822
5.382346667,-2.466619015
5.3872,-2.612709999
5.392053333,-2.746284008
5.396906667,-2.868056297
5.40176,-2.978563309
5.406613333,-3.078281879
5.411466667,-3.168404102
5.41632,-3.249704838
5.421173333,-3.323197365
5.426026667,-3.389656544
5.43088,-3.449857235
5.435733333,-3.504276276
5.440586667,-3.553330898
5.44544,-3.597319126
5.450293333,-3.636837006
5.455146667,-3.672301769
5.46,-3.704309464
5.464853333,-3.733336926
5.469706667,-3.759920597
5.47456,-3.784239292
5.479413333,-3.806650639
5.484266667,-3.82745266
5.48912,-3.846645355
5.493973333,-3.864526749
5.498826667,-3.88109684
5.50368,-3.896594048
5.508533333,-3.910899162
5.513386667,-3.924250603
5.51824,-3.93640995
5.523093333,-3.947675228
5.527946667,-3.958046436
5.5328,-3.967642784
5.537653333,-3.976821899
5.542506667,-3.985762596
5.54736,-3.994643688
5.552213333,-4.003465176
5.557066667,-4.012107849
5.56192,-4.020869732
5.566773333,-4.029333591
5.571626667,-4.037499428
5.57648,-4.045546055
5.581333333,-4.052996635
5.586186667,-4.060029984
5.59104,-4.06652689
5.595893333,-4.07242775
5.600746667,-4.077732563
5.6056,-4.08244133
5.610453333,-4.086792469
5.615306667,-4.09078598
5.62016,-4.094779491
5.625013333,-4.098773003
5.629866667,-4.102885723
5.63472,-4.106879234
5.639573333,-4.110693932
5.644426667,-4.11438942
5.64928,-4.11760807
5.654133333,-4.120767117
5.658986667,-4.123568535
5.66384,-4.126310349
5.668693333,-4.128932953
5.673546667,-4.131317139
5.6784,-4.133462906
5.683253333,-4.13531065
5.688106667,-4.13697958
5.69296,-4.138529301
5.697813333,-4.140079021
5.702666667,-4.141628742
5.70752,-4.143357277
5.712373333,-4.145205021
5.717226667,-4.147052765
5.72208,-4.149138927
5.726933333,-4.15122509
5.731786667,-4.153311253
5.73664,-4.155576229
5.741493333,-4.157781601
5.746346667,-4.160046577
5.7512,-4.161953926
5.756053333,-4.163444042
5.760906667,-4.164218903
5.76576,-4.164338112
5.770613333,-4.163920879
5.775466667,-4.163086414
5.78032,-4.162073135
5.785173333,-4.16135788
5.790026667,-4.161179066
5.79488,-4.161477089
5.799733333,-4.162073135
5.804586667,-4.162847996
5.80944,-4.163622856
5.814293333,-4.164099693
5.819146667,-4.164397717
5.824,-4.164397717
5.828853333,-4.164457321
5.833706667,-4.164397717
5.83856,-4.164516926
5.843413333,-4.164755344
5.848266667,-4.164934158
5.85312,-4.164814949
5.857973333,-4.16469574
5.862826667,-4.164397717
5.86768,-4.164040089
5.872533333,-4.163622856
5.877386667,-4.163384438
5.88224,-4.163384438
5.887093333,-4.163384438
5.891946667,-4.163503647
5.8968,-4.163324833
5.901653333,-4.1629076
5.906506667,-4.162311554
5.91136,-4.161536694
5.916213333,-4.160881042
5.921066667,-4.160225391
5.92592,-4.159808159
5.930773333,-4.159510136
5.935626667,-4.159271717
5.94048,-4.159092903
5.945333333,-4.158735275
5.950186667,-4.158437252
5.95504,-4.15802002
5.959893333,-4.157602787
5.964746667,-4.157185555
5.9696,-4.156947136
5.974453333,-4.156589508
5.979306667,-4.156351089
5.98416,-4.156053066
5.989013333,-4.155814648
5.993866667,-4.155576229
5.99872,-4.155218601
6.003573333,-4.154682159
6.008426667,-4.154086113
6.01328,-4.153132439
6.018133333,-4.151940346
6.022986667,-4.150629044
6.02784,-4.149258137
6.032693333,-4.14788723
6.037546667,-4.146456718
6.0424,-4.144847393
6.047253333,-4.143297672
6.052106667,-4.141628742
6.05696,-4.139959812
6.061813333,-4.138290882
6.066666667,-4.136681557
6.07152,-4.134893417
6.076373333,-4.13274765
6.081226667,-4.13018465
6.08608,-4.127204418
6.090933333,-4.123747349
6.095786667,-4.120111465
6.10064,-4.116475582
6.105493333,-4.112958908
6.110346667,-4.109680653
6.1152,-4.106462002
6.120053333,-4.103124142
6.124906667,-4.099190235
6.12976,-4.094660282
6.134613333,-4.089415073
6.139466667,-4.083573818
6.14432,-4.077136517
6.149173333,-4.070460796
6.154026667,-4.063487053
6.15888,-4.056572914
6.163733333,-4.049599171
6.168586667,-4.042506218
6.17344,-4.035174847
6.178293333,-4.027366638
6.183146667,-4.018723965
6.188,-4.008889198
6.192853333,-3.997564316
6.197706667,-3.984630108
6.20256,-3.969848156
6.207413333,-3.953516483
6.212266667,-3.935515881
6.21712,-3.916025162
6.221973333,-3.894805908
6.226826667,-3.871798515
6.23168,-3.84670496
6.236533333,-3.8189888
6.241386667,-3.788411617
6.24624,-3.754675388
6.251093333,-3.71748209
6.255946667,-3.676652908
6.2608,-3.631651402
6.265653333,-3.582000732
6.270506667,-3.526866436
6.27536,-3.465354443
6.280213333,-3.396332264
6.285066667,-3.318846226
6.28992,-3.231823444
6.294773333,-3.134191036
6.299626667,-3.024697304
6.30448,-2.901732922
6.309333333,-2.76362896
6.314186667,-2.608120441
6.31904,-2.4330616
6.323893333,-2.23582983
6.328746667,-2.01356411
6.3336,-1.763403416
6.338453333,-1.481533051
6.343306667,-1.164138317
6.34816,-0.806391239
6.353013333,-0.402867794
6.357866667,0.052690506
6.36272,0.567317009
6.367573333,1.148939133
6.372426667,1.806378365
6.37728,2.549886703
6.382133333,3.390967846
6.386986667,4.342913628
6.39184,5.420863628
6.396693333,6.642878056
6.401546667,8.029997349
6.4064,9.607195854
6.411253333,11.40499115
6.416106667,13.46093416
6.42096,15.82187414
6.425813333,18.5457468
6.430666667,21.70324326
6.43552,25.37763119
6.440373333,29.66302633
6.445226667,34.65533257
6.45008,40.43084383
6.454933333,47.0110178
6.459786667,54.31300402
6.46464,62.09826469
6.469493333,69.93848085
6.474346667,77.22210884
6.4792,83.2157135
6.484053333,87.17942238
6.488906667,88.51313591
6.49376,86.8935585
6.498613333,82.3610425
6.503466667,75.32680035
6.50832,66.49506092
6.513173333,56.72454834
6.518026667,46.86886072
6.52288,37.63949871
6.527733333,29.52259779
6.532586667,22.75872231
6.53744,17.3754096
6.542293333,13.25088739
6.547146667,10.1826787
6.552,7.94583559
6.556853333,6.331682205
6.561706667,5.166530609
6.56656,4.317104816
6.571413333,3.686547279
6.576266667,3.207743168
6.58112,2.834677696
6.585973333,2.536892891
6.590826667,2.29370594
6.59568,2.091050148
6.600533333,1.919448376
6.605386667,1.771748066
6.61024,1.64347887
6.615093333,1.530706882
6.619946667,1.430749893
6.6248,1.341640949
6.629653333,1.261770725
6.634506667,1.189470291
6.63936,1.123964787
6.644213333,1.064062119
6.649066667,1.009047031
6.65392,0.958144665
6.658773333,0.910937786
6.663626667,0.867187977
6.66848,0.826656818
6.673333333,0.789046288
6.678186667,0.754058361
6.68304,0.721395016
6.687893333,0.690698624
6.692746667,0.661611557
6.6976,0.634014606
6.702453333,0.607907772
6.707306667,0.583410263
6.71216,0.560343266
6.717013333,0.539183617
6.721866667,0.519275665
6.72672,0.500380993
6.731573333,0.482499599
6.736426667,0.464975834
6.74128,0.447809696
6.746133333,0.431120396
6.750986667,0.415146351
6.75584,0.399827957
6.760693333,0.385403633
6.765546667,0.371932983
6.7704,0.359296799
6.775253333,0.34725666
6.780106667,0.335752964
6.78496,0.324904919
6.789813333,0.314116478
6.794666667,0.30374527
6.79952,0.293731689
6.804373333,0.284135342
6.809226667,0.275015831
6.81408,0.266492367
6.818933333,0.25844574
6.823786667,0.25087595
6.82864,0.243365765
6.833493333,0.235974789
6.838346667,0.228583813
6.8432,0.221073627
6.848053333,0.213742256
6.852906667,0.206947327
6.85776,0.200331211
6.862613333,0.194191933
6.867466667,0.188350677
6.87232,0.182569027
6.877173333,0.176906586
6.882026667,0.171124935
6.88688,0.165343285
6.891733333,0.159621239
6.896586667,0.153899193
6.90144,0.148355961
6.906293333,0.142872334
6.911146667,0.13756752
6.916,0.132620335
6.920853333,0.128030777
6.925706667,0.123858452
6.93056,0.120103359
6.935413333,0.11664629
6.940266667,0.11318922
6.94512,0.109791756
6.949973333,0.106275082
6.954826667,0.102579594
6.95968,0.098824501
6.964533333,0.095129013
6.969386667,0.091612339
6.97424,0.088274479
6.979093333,0.085175037
6.983946667,0.082135201
6.9888,0.079035759
6.993653333,0.075817108
6.998506667,0.072538853
7.00336,0.069141388
7.008213333,0.065743923
7.013066667,0.062584877
7.01792,0.059604645
7.022773333,0.056862831
7.027626667,0.054299831
7.03248,0.051856041
7.037333333,0.049650669
7.042186667,0.047504902
7.04704,0.045597553
7.051893333,0.043809414
7.056746667,0.042021275
7.0616,0.04029274
7.066453333,0.038564205
7.071306667,0.036656857
7.07616,0.034570694
7.081013333,0.032246113
7.085866667,0.029921532
7.09072,0.027477741
7.095573333,0.025093555
7.100426667,0.022768974
7.10528,0.020563602
7.110133333,0.018656254
7.114986667,0.016927719
7.11984,0.015497208
7.124693333,0.014185905
7.129546667,0.012993813
7.1344,0.012040138
7.139253333,0.011086464
7.144106667,0.010251999
7.14896,0.009536743
7.153813333,0.008821487
7.158666667,0.008225441
7.16352,0.007331371
7.168373333,0.006258488
7.173226667,0.004708767
7.17808,0.002503395
7.182933333,-5.96E-05
7.187786667,-0.002920628
7.19264,-0.005960464
7.197493333,-0.008702278
7.202346667,-0.011205673
7.2072,-0.013053417
7.212053333,-0.014424324
7.216906667,-0.015258789
7.22176,-0.015735626
7.226613333,-0.015795231
7.231466667,-0.015676022
7.23632,-0.015437603
7.241173333,-0.015199184
7.246026667,-0.01502037
7.25088,-0.014960766
7.255733333,-0.01513958
7.260586667,-0.015616417
7.26544,-0.016331673
7.270293333,-0.017344952
7.275146667,-0.018537045
7.28,-0.019729137
7.284853333,-0.020861626
7.289706667,-0.0218153
7.29456,-0.022649765
7.299413333,-0.023424625
7.304266667,-0.024139881
7.30912,-0.024974346
7.313973333,-0.02592802
7.318826667,-0.027060509
7.32368,-0.028192997
7.328533333,-0.029206276
7.333386667,-0.03015995
7.33824,-0.03105402
7.343093333,-0.03194809
7.347946667,-0.032961369
7.3528,-0.034153461
7.357653333,-0.035405159
7.362506667,-0.036597252
7.36736,-0.037610531
7.372213333,-0.038266182
7.377066667,-0.03862381
7.38192,-0.038921833
7.386773333,-0.039160252
7.391626667,-0.039577484
7.39648,-0.040233135
7.401333333,-0.041007996
7.406186667,-0.041902065
7.41104,-0.042796135
7.415893333,-0.043570995
7.420746667,-0.044107437
7.4256,-0.044882298
7.430453333,-0.045657158
7.435306667,-0.046610832
7.44016,-0.047683716
7.445013333,-0.048875809
7.449866667,-0.049948692
7.45472,-0.050723553
7.459573333,-0.051319599
7.464426667,-0.051617622
7.46928,-0.051856041
7.474133333,-0.05209446
7.478986667,-0.052452087
7.48384,-0.053048134
7.488693333,-0.053703785
7.493546667,-0.054359436
7.4984,-0.054776669
7.503253333,-0.055134296
7.508106667,-0.05531311
7.51296,-0.055611134
7.517813333,-0.055968761
7.522666667,-0.056505203
7.52752,-0.05710125
7.532373333,-0.057816505
7.537226667,-0.058352947
7.54208,-0.05877018
7.546933333,-0.058889389
7.551786667,-0.058829784
7.55664,-0.058710575
7.561493333,-0.058293343
7.566346667,-0.057935715
7.5712,-0.057399273
7.576053333,-0.056922436
7.580906667,-0.056445599
7.58576,-0.056087971
7.590613333,-0.055849552
7.595466667,-0.055670738
7.60032,-0.055789948
7.605173333,-0.056028366
7.610026667,-0.056445599
7.61488,-0.05698204
7.619733333,-0.057578087
7.624586667,-0.058114529
7.62944,-0.058531761
7.634293333,-0.05877018
7.639146667,-0.059068203
7.644,-0.059723854
7.648853333,-0.060617924
7.653706667,-0.061869621
7.65856,-0.063240528
7.663413333,-0.064730644
7.668266667,-0.065982342
7.67312,-0.066936016
7.677973333,-0.067651272
7.682826667,-0.06788969
7.68768,-0.06788969
7.692533333,-0.067770481
7.697386667,-0.067532063
7.70224,-0.06711483
7.707093333,-0.066578388
7.711946667,-0.065803528
7.7168,-0.064849854
7.721653333,-0.063836575
7.726506667,-0.0628829
7.73136,-0.062048435
7.736213333,-0.061571598
7.741066667,-0.061333179
7.74592,-0.061273575
7.750773333,-0.061273575
7.755626667,-0.061273575
7.76048,-0.061094761
7.765333333,-0.061035156
7.770186667,-0.060796738
7.77504,-0.060737133
7.779893333,-0.060796738
7.784746667,-0.06121397
7.7896,-0.061988831
7.794453333,-0.062823296
7.799306667,-0.063657761
7.80416,-0.064492226
7.809013333,-0.065147877
7.813866667,-0.065505505
7.81872,-0.065743923
7.823573333,-0.065863132
7.828426667,-0.066041946
7.83328,-0.066161156
7.838133333,-0.066399574
7.842986667,-0.066876411
7.84784,-0.067353249
7.852693333,-0.06788969
7.857546667,-0.068187714
7.8624,-0.068366528
7.867253333,-0.068247318
7.872106667,-0.067949295
7.87696,-0.067532063
7.881813333,-0.067293644
7.886666667,-0.067174435
7.89152,-0.067234039
7.896373333,-0.067532063
7.901226667,-0.067651272
7.90608,-0.067770481
7.910933333,-0.067830086
7.915786667,-0.067949295
7.92064,-0.068247318
7.925493333,-0.06878376
7.930346667,-0.06967783
7.9352,-0.070571899
7.940053333,-0.071465969
7.944906667,-0.072062016
7.94976,-0.072300434
7.954613333,-0.072002411
7.959466667,-0.07134676
7.96432,-0.07045269
7.969173333,-0.06967783
7.974026667,-0.069022179
7.97888,-0.06878376
7.983733333,-0.068902969
7.988586667,-0.069200993
7.99344,-0.06955862
7.998293333,-0.069975853
8.003146667,-0.070154667
8.008,-0.070154667
8.012853333,-0.069916248
8.017706667,-0.06967783
8.02256,-0.069439411
8.027413333,-0.069200993
8.032266667,-0.069141388
8.03712,-0.069022179
8.041973333,-0.069081783
8.046826667,-0.069141388
8.05168,-0.069439411
8.056533333,-0.069916248
8.061386667,-0.070512295
8.06624,-0.071287155
8.071093333,-0.071942806
8.075946667,-0.072419643
8.0808,-0.072777271
8.085653333,-0.072896481
8.090506667,-0.072896481
8.09536,-0.072538853
8.100213333,-0.072181225
8.105066667,-0.071644783
8.10992,-0.070929527
8.114773333,-0.070154667
8.119626667,-0.069439411
8.12448,-0.068843365
8.129333333,-0.068604946
8.134186667,-0.068485737
8.13904,-0.068664551
8.143893333,-0.069022179
8.148746667,-0.069260597
8.1536,-0.069439411
8.158453333,-0.069439411
8.163306667,-0.069320202
8.16816,-0.069200993
8.173013333,-0.069022179
8.177866667,-0.069081783
8.18272,-0.069260597
8.187573333,-0.069737434
8.192426667,-0.070214272
8.19728,-0.070750713
8.202133333,-0.071167946
8.206986667,-0.071287155
8.21184,-0.071287155
8.216693333,-0.071167946
8.221546667,-0.071048737
8.2264,-0.070989132
8.231253333,-0.070869923
8.236106667,-0.070869923
8.24096,-0.070869923
8.245813333,-0.070929527
8.250666667,-0.070869923
8.25552,-0.070869923
8.260373333,-0.070869923
8.265226667,-0.071048737
8.27008,-0.071227551
8.274933333,-0.071465969
8.279786667,-0.071823597
8.28464,-0.072360039
8.289493333,-0.072777271
8.294346667,-0.073194504
8.2992,-0.073552132
8.304053333,-0.073611736
8.308906667,-0.073254108
8.31376,-0.072658062
8.318613333,-0.071763992
8.323466667,-0.070989132
8.32832,-0.070214272
8.333173333,-0.069618225
8.338026667,-0.06955862
8.34288,-0.069618225
8.347733333,-0.070035458
8.352586667,-0.07045269
8.35744,-0.070989132
8.362293333,-0.071227551
8.367146667,-0.071525574
8.372,-0.071823597
8.376853333,-0.072002411
8.381706667,-0.072360039
8.38656,-0.072598457
8.391413333,-0.072836876
8.396266667,-0.072717667
8.40112,-0.072479248
8.405973333,-0.072002411
8.410826667,-0.071287155
8.41568,-0.070631504
8.420533333,-0.070154667
8.425386667,-0.069975853
8.43024,-0.070154667
8.435093333,-0.070691109
8.439946667,-0.07134676
8.4448,-0.072181225
8.449653333,-0.07301569
8.454506667,-0.073611736
8.45936,-0.073969364
8.464213333,-0.07379055
8.469066667,-0.073432922
8.47392,-0.072896481
8.478773333,-0.072240829
8.483626667,-0.072002411
8.48848,-0.072002411
8.493333333,-0.072300434
8.498186667,-0.072896481
8.50304,-0.073552132
8.507893333,-0.074088573
8.512746667,-0.074326992
8.5176,-0.074446201
8.522453333,-0.074267387
8.527306667,-0.074148178
8.53216,-0.073969364
8.537013333,-0.073730946
8.541866667,-0.073313713
8.54672,-0.072717667
8.551573333,-0.071883202
8.556426667,-0.070691109
8.56128,-0.069618225
8.566133333,-0.068843365
8.570986667,-0.068485737
8.57584,-0.068426132
8.580693333,-0.068902969
8.585546667,-0.069379807
8.5904,-0.069916248
8.595253333,-0.070214272
8.600106667,-0.070273876
8.60496,-0.070095062
8.609813333,-0.069975853
8.614666667,-0.069797039
8.61952,-0.069797039
8.624373333,-0.069797039
8.629226667,-0.069856644
8.63408,-0.069737434
8.638933333,-0.069439411
8.643786667,-0.06878376
8.64864,-0.068128109
8.653493333,-0.067353249
8.658346667,-0.066876411
8.6632,-0.066757202
8.668053333,-0.067055225
8.672906667,-0.067770481
8.67776,-0.068843365
8.682613333,-0.070035458
8.687466667,-0.071227551
8.69232,-0.072240829
8.697173333,-0.073134899
8.702026667,-0.073611736
8.70688,-0.073850155
8.711733333,-0.073850155
8.716586667,-0.073552132
8.72144,-0.07301569
8.726293333,-0.072300434
8.731146667,-0.071525574
8.736,-0.070750713
8.740853333,-0.07045269
8.745706667,-0.07045269
8.75056,-0.070869923
8.755413333,-0.07134676
8.760266667,-0.071823597
8.76512,-0.071942806
8.769973333,-0.071883202
8.774826667,-0.071704388
8.77968,-0.071525574
8.784533333,-0.071406364
8.789386667,-0.071465969
8.79424,-0.071704388
8.799093333,-0.071883202
8.803946667,-0.071704388
8.8088,-0.07134676
8.813653333,-0.070691109
8.818506667,-0.069856644
8.82336,-0.069081783
8.828213333,-0.068485737
8.833066667,-0.068247318
8.83792,-0.068128109
8.842773333,-0.068247318
8.847626667,-0.068664551
8.85248,-0.069260597
8.857333333,-0.069916248
8.862186667,-0.070750713
8.86704,-0.071585178
8.871893333,-0.072181225
8.876746667,-0.072419643
8.8816,-0.072419643
8.886453333,-0.072240829
8.891306667,-0.071883202
8.89616,-0.071763992
8.901013333,-0.071942806
8.905866667,-0.072360039
8.91072,-0.072777271
8.915573333,-0.073313713
8.920426667,-0.073611736
8.92528,-0.07379055
8.930133333,-0.073730946
8.934986667,-0.073254108
8.93984,-0.072717667
8.944693333,-0.072002411
8.949546667,-0.071108341
8.9544,-0.070154667
8.959253333,-0.069022179
8.964106667,-0.067949295
8.96896,-0.066936016
8.973813333,-0.066161156
8.978666667,-0.065743923
8.98352,-0.065863132
8.988373333,-0.066578388
8.993226667,-0.067710876
8.99808,-0.069141388
9.002933333,-0.070512295
9.007786667,-0.071644783
9.01264,-0.072300434
9.017493333,-0.072598457
9.022346667,-0.072538853
9.0272,-0.072419643
9.032053333,-0.072360039
9.036906667,-0.072419643
9.04176,-0.072479248
9.046613333,-0.072717667
9.051466667,-0.072777271
9.05632,-0.072956085
9.061173333,-0.072896481
9.066026667,-0.072717667
9.07088,-0.072419643
9.075733333,-0.072002411
9.080586667,-0.071406364
9.08544,-0.070869923
9.090293333,-0.070214272
9.095146667,-0.06967783
9.1,-0.069320202
9.104853333,-0.068962574
9.109706667,-0.068545341
9.11456,-0.068187714
9.119413333,-0.067591667
9.124266667,-0.067055225
9.12912,-0.066637993
9.133973333,-0.06633997
9.138826667,-0.066399574
9.14368,-0.066637993
9.148533333,-0.067174435
9.153386667,-0.067710876
9.15824,-0.068187714
9.163093333,-0.068485737
9.167946667,-0.068724155
9.1728,-0.069022179
9.177653333,-0.069439411
9.182506667,-0.069975853
9.18736,-0.070512295
9.192213333,-0.070929527
9.197066667,-0.071227551
9.20192,-0.071167946
9.206773333,-0.070929527
9.211626667,-0.070512295
9.21648,-0.070214272
9.221333333,-0.069975853
9.226186667,-0.069916248
9.23104,-0.069797039
9.235893333,-0.069797039
9.240746667,-0.06955862
9.2456,-0.069141388
9.250453333,-0.068485737
9.255306667,-0.0680089
9.26016,-0.067710876
9.265013333,-0.067710876
9.269866667,-0.068068504
9.27472,-0.068545341
9.279573333,-0.069081783
9.284426667,-0.069499016
9.28928,-0.06967783
9.294133333,-0.06967783
9.298986667,-0.069618225
9.30384,-0.06967783
9.308693333,-0.06955862
9.313546667,-0.06967783
9.3184,-0.069618225
9.323253333,-0.06967783
9.328106667,-0.069797039
9.33296,-0.070095062
9.337813333,-0.070512295
9.342666667,-0.071227551
9.34752,-0.071942806
9.352373333,-0.072598457
9.357226667,-0.072896481
9.36208,-0.072836876
9.366933333,-0.072240829
9.371786667,-0.07134676
9.37664,-0.070273876
9.381493333,-0.069141388
9.386346667,-0.0680089
9.3912,-0.06711483
9.396053333,-0.066578388
9.400906667,-0.066518784
9.40576,-0.066816807
9.410613333,-0.067472458
9.415466667,-0.068187714
9.42032,-0.068902969
9.425173333,-0.069320202
9.430026667,-0.069439411
9.43488,-0.069141388
9.439733333,-0.068664551
9.444586667,-0.068068504
9.44944,-0.067532063
9.454293333,-0.067293644
9.459146667,-0.067174435
9.464,-0.067412853
9.468853333,-0.067651272
9.473706667,-0.067949295
9.47856,-0.068187714
9.483413333,-0.068366528
9.488266667,-0.068426132
9.49312,-0.068366528
9.497973333,-0.068306923
9.502826667,-0.068545341
9.50768,-0.069022179
9.512533333,-0.069737434
9.517386667,-0.070571899
9.52224,-0.071287155
9.527093333,-0.071763992
9.531946667,-0.071763992
9.5368,-0.071167946
9.541653333,-0.070393085
9.546506667,-0.069439411
9.55136,-0.068545341
9.556213333,-0.067830086
9.561066667,-0.067412853
9.56592,-0.067234039
9.570773333,-0.06711483
9.575626667,-0.06711483
9.58048,-0.067174435
9.585333333,-0.067293644
9.590186667,-0.067412853
9.59504,-0.067651272
9.599893333,-0.067949295
9.604746667,-0.068306923
9.6096,-0.068724155
9.614453333,-0.069081783
9.619306667,-0.069200993
9.62416,-0.069200993
9.629013333,-0.068962574
9.633866667,-0.068604946
9.63872,-0.068187714
9.643573333,-0.068068504
9.648426667,-0.068247318
9.65328,-0.068724155
9.658133333,-0.069618225
9.662986667,-0.07045269
9.66784,-0.071227551
9.672693333,-0.071763992
9.677546667,-0.071942806
9.6824,-0.071883202
9.687253333,-0.071763992
9.692106667,-0.071704388
9.69696,-0.071704388
9.701813333,-0.072062016
9.706666667,-0.072479248
9.71152,-0.072658062
9.716373333,-0.072717667
9.721226667,-0.072360039
9.72608,-0.071823597
9.730933333,-0.071287155
9.735786667,-0.070750713
9.74064,-0.070750713
9.745493333,-0.071108341
9.750346667,-0.071644783
9.7552,-0.072360039
9.760053333,-0.072658062
9.764906667,-0.072717667
9.76976,-0.072300434
9.774613333,-0.071525574
9.779466667,-0.070750713
9.78432,-0.070035458
9.789173333,-0.069618225
9.794026667,-0.06955862
9.79888,-0.069797039
9.803733333,-0.070214272
9.808586667,-0.070810318
9.81344,-0.07134676
9.818293333,-0.071763992
9.823146667,-0.071823597
9.828,-0.071704388
9.832853333,-0.07134676
9.837706667,-0.070810318
9.84256,-0.070154667
9.847413333,-0.069499016
9.852266667,-0.068724155
9.85712,-0.0680089
9.861973333,-0.067472458
9.866826667,-0.06711483
9.87168,-0.067174435
9.876533333,-0.067651272
9.881386667,-0.068485737
9.88624,-0.069379807
9.891093333,-0.070273876
9.895946667,-0.070929527
9.9008,-0.071227551
9.905653333,-0.07134676
9.910506667,-0.070929527
9.91536,-0.070512295
9.920213333,-0.069797039
9.925066667,-0.068962574
9.92992,-0.0680089
9.934773333,-0.067055225
9.939626667,-0.066518784
9.94448,-0.06633997
9.949333333,-0.066757202
9.954186667,-0.067710876
9.95904,-0.068902969
9.963893333,-0.069975853
9.968746667,-0.070989132
9.9736,-0.071525574
9.978453333,-0.071823597
9.983306667,-0.071883202
9.98816,-0.071883202
9.993013333,-0.072002411
9.997866667,-0.072002411
10.00272,-0.071942806
10.00757333,-0.072002411
10.01242667,-0.071823597
10.01728,-0.071763992
10.02213333,-0.071704388
10.02698667,-0.071585178
10.03184,-0.071525574
10.03669333,-0.071465969
10.04154667,-0.071287155
10.0464,-0.071108341
10.05125333,-0.070810318
10.05610667,-0.070393085
10.06096,-0.070035458
10.06581333,-0.069499016
10.07066667,-0.068962574
10.07552,-0.068366528
10.08037333,-0.067830086
10.08522667,-0.067532063
10.09008,-0.067234039
10.09493333,-0.067055225
10.09978667,-0.06711483
10.10464,-0.067234039
10.10949333,-0.067353249
10.11434667,-0.067472458
10.1192,-0.067591667
10.12405333,-0.067532063
10.12890667,-0.067412853
10.13376,-0.06711483
10.13861333,-0.066757202
10.14346667,-0.06633997
10.14832,-0.066161156
10.15317333,-0.066101551
10.15802667,-0.06633997
10.16288,-0.066876411
10.16773333,-0.067532063
10.17258667,-0.068366528
10.17744,-0.069200993
10.18229333,-0.069856644
10.18714667,-0.070333481
10.192,-0.070512295
10.19685333,-0.070393085
10.20170667,-0.070154667
10.20656,-0.069856644
10.21141333,-0.069618225
10.21626667,-0.069439411
10.22112,-0.069499016
10.22597333,-0.06955862
10.23082667,-0.069856644
10.23568,-0.070214272
10.24053333,-0.070512295
10.24538667,-0.070869923
10.25024,-0.070869923
10.25509333,-0.070869923
10.25994667,-0.070810318
10.2648,-0.070512295
10.26965333,-0.070154667
10.27450667,-0.069797039
10.27936,-0.069379807
10.28421333,-0.068902969
10.28906667,-0.068485737
10.29392,-0.068068504
10.29877333,-0.067770481
10.30362667,-0.067710876
10.30848,-0.068068504
10.31333333,-0.068604946
10.31818667,-0.06955862
10.32304,-0.070691109
10.32789333,-0.071704388
10.33274667,-0.072658062
10.3376,-0.073313713
10.34245333,-0.073552132
10.34730667,-0.073552132
10.35216,-0.073313713
10.35701333,-0.073075294
10.36186667,-0.072836876
10.36672,-0.072896481
10.37157333,-0.072896481
10.37642667,-0.072836876
10.38128,-0.072598457
10.38613333,-0.071823597
10.39098667,-0.070810318
10.39584,-0.06955862
10.40069333,-0.068426132
10.40554667,-0.067710876
10.4104,-0.067591667
10.41525333,-0.068306923
10.42010667,-0.06955862
10.42496,-0.071048737
10.42981333,-0.072360039
10.43466667,-0.073134899
10.43952,-0.073313713
10.44437333,-0.072896481
10.44922667,-0.07212162
10.45408,-0.071167946
10.45893333,-0.070333481
10.46378667,-0.06955862
10.46864,-0.068902969
10.47349333,-0.068545341
10.47834667,-0.068247318
10.4832,-0.068306923
10.48805333,-0.06878376
10.49290667,-0.069260597
10.49776,-0.070095062
10.50261333,-0.070869923
10.50746667,-0.071525574
10.51232,-0.072062016
10.51717333,-0.072479248
10.52202667,-0.07301569
10.52688,-0.073552132
10.53173333,-0.074028969
10.53658667,-0.074326992
10.54144,-0.074148178
10.54629333,-0.073611736
10.55114667,-0.072479248
10.556,-0.071287155
10.56085333,-0.070214272
10.56570667,-0.06967783
10.57056,-0.069737434
10.57541333,-0.070214272
10.58026667,-0.070869923
10.58512,-0.071525574
10.58997333,-0.072002411
10.59482667,-0.07212162
10.59968,-0.07212162
10.60453333,-0.071883202
10.60938667,-0.071644783
10.61424,-0.071585178
10.61909333,-0.071704388
10.62394667,-0.072002411
10.6288,-0.072479248
10.63365333,-0.072896481
10.63850667,-0.073254108
10.64336,-0.073552132
10.64821333,-0.073611736
10.65306667,-0.073552132
10.65792,-0.073373318
10.66277333,-0.073194504
10.66762667,-0.073134899
10.67248,-0.073254108
10.67733333,-0.073492527
10.68218667,-0.07379055
10.68704,-0.074088573
10.69189333,-0.074386597
10.69674667,-0.074505806
10.7016,-0.074565411
10.70645333,-0.074505806
10.71130667,-0.074565411
10.71616,-0.074505806
10.72101333,-0.074446201
10.72586667,-0.074326992
10.73072,-0.074028969
10.73557333,-0.073492527
10.74042667,-0.072777271
10.74528,-0.072002411
10.75013333,-0.071108341
10.75498667,-0.070512295
10.75984,-0.070333481
10.76469333,-0.070691109
10.76954667,-0.071525574
10.7744,-0.072658062
10.77925333,-0.073969364
10.78410667,-0.074923038
10.78896,-0.075519085
10.79381333,-0.07557869
10.79866667,-0.075101852
10.80352,-0.074505806
10.80837333,-0.073671341
10.81322667,-0.072896481
10.81808,-0.072240829
10.82293333,-0.071823597
10.82778667,-0.071585178
10.83264,-0.071644783
10.83749333,-0.071704388
10.84234667,-0.071883202
10.8472,-0.072062016
10.85205333,-0.072181225
10.85690667,-0.072181225
10.86176,-0.07212162
10.86661333,-0.071942806
10.87146667,-0.071942806
10.87632,-0.071823597
10.88117333,-0.072062016
10.88602667,-0.072300434
10.89088,-0.072836876
10.89573333,-0.073492527
10.90058667,-0.074326992
10.90544,-0.074863434
10.91029333,-0.075161457
10.91514667,-0.074923038
10.92,-0.074326992
10.92485333,-0.073432922
10.92970667,-0.072538853
10.93456,-0.071763992
10.93941333,-0.071227551
10.94426667,-0.070929527
10.94912,-0.070750713
10.95397333,-0.070750713
10.95882667,-0.070869923
10.96368,-0.071227551
10.96853333,-0.071465969
10.97338667,-0.071883202
10.97824,-0.072240829
10.98309333,-0.072479248
10.98794667,-0.072479248
10.9928,-0.072181225
10.99765333,-0.071763992
11.00250667,-0.071287155
11.00736,-0.070869923
11.01221333,-0.070571899
11.01706667,-0.070512295
11.02192,-0.070512295
11.02677333,-0.070691109
11.03162667,-0.070869923
11.03648,-0.070989132
11.04133333,-0.070869923
11.04618667,-0.07045269
11.05104,-0.069737434
11.05589333,-0.068902969
11.06074667,-0.067830086
11.0656,-0.066936016
11.07045333,-0.06633997
11.07530667,-0.06622076
11.08016,-0.066399574
11.08501333,-0.066757202
11.08986667,-0.067234039
11.09472,-0.067472458
11.09957333,-0.067591667
11.10442667,-0.067532063
11.10928,-0.067532063
11.11413333,-0.067710876
11.11898667,-0.068128109
11.12384,-0.068724155
11.12869333,-0.069499016
11.13354667,-0.070273876
11.1384,-0.070989132
11.14325333,-0.071525574
11.14810667,-0.071942806
11.15296,-0.07212162
11.15781333,-0.071942806
11.16266667,-0.071465969
11.16752,-0.070810318
11.17237333,-0.069975853
11.17722667,-0.068962574
11.18208,-0.068068504
11.18693333,-0.067353249
11.19178667,-0.066816807
11.19664,-0.066578388
11.20149333,-0.066518784
11.20634667,-0.066757202
11.2112,-0.06711483
11.21605333,-0.067591667
11.22090667,-0.068306923
11.22576,-0.069200993
11.23061333,-0.070035458
11.23546667,-0.070869923
11.24032,-0.071585178
11.24517333,-0.072002411
11.25002667,-0.07212162
11.25488,-0.07212162
11.25973333,-0.071823597
11.26458667,-0.071465969
11.26944,-0.070929527
11.27429333,-0.070333481
11.27914667,-0.069797039
11.284,-0.069200993
11.28885333,-0.068545341
11.29370667,-0.0680089
11.29856,-0.067591667
11.30341333,-0.067353249
11.30826667,-0.06711483
11.31312,-0.066936016
11.31797333,-0.066816807
11.32282667,-0.066816807
11.32768,-0.066816807
11.33253333,-0.066995621
11.33738667,-0.067234039
11.34224,-0.067651272
11.34709333,-0.068068504
11.35194667,-0.068485737
11.3568,-0.068724155
11.36165333,-0.068843365
11.36650667,-0.068724155
11.37136,-0.068485737
11.37621333,-0.068187714
11.38106667,-0.067830086
11.38592,-0.067412853
11.39077333,-0.066936016
11.39562667,-0.066637993
11.40048,-0.06622076
11.40533333,-0.065863132
11.41018667,-0.065624714
11.41504,-0.065386295
11.41989333,-0.065088272
11.42474667,-0.064790249
11.4296,-0.064373016
11.43445333,-0.064074993
11.43930667,-0.063896179
11.44416,-0.063836575
11.44901333,-0.063836575
11.45386667,-0.063955784
11.45872,-0.063896179
11.46357333,-0.063657761
11.46842667,-0.063121319
11.47328,-0.062286854
11.47813333,-0.061631203
11.48298667,-0.061094761
11.48784,-0.061094761
11.49269333,-0.061571598
11.49754667,-0.062406063
11.5024,-0.063359737
11.50725333,-0.064194202
11.51210667,-0.064730644
11.51696,-0.064849854
11.52181333,-0.06455183
11.52666667,-0.064074993
11.53152,-0.063598156
11.53637333,-0.063359737
11.54122667,-0.063240528
11.54608,-0.063419342
11.55093333,-0.063717365
11.55578667,-0.063955784
11.56064,-0.064015388
11.56549333,-0.063955784
11.57034667,-0.063717365
11.5752,-0.063240528
11.58005333,-0.062584877
11.58490667,-0.061988831
11.58976,-0.061452389
11.59461333,-0.061035156
11.59946667,-0.060856342
11.60432,-0.060796738
11.60917333,-0.061035156
11.61402667,-0.061333179
11.61888,-0.061750412
11.62373333,-0.062227249
11.62858667,-0.062465668
11.63344,-0.062584877
11.63829333,-0.062406063
11.64314667,-0.061869621
11.648,-0.06121397
11.65285333,-0.060617924
11.65770667,-0.060260296
11.66256,-0.060200691
11.66741333,-0.060796738
11.67226667,-0.061571598
11.67712,-0.062584877
11.68197333,-0.063359737
11.68682667,-0.063836575
11.69168,-0.064074993
11.69653333,-0.063836575
11.70138667,-0.063478947
11.70624,-0.063180923
11.71109333,-0.0628829
11.71594667,-0.062704086
11.7208,-0.062704086
11.72565333,-0.062704086
11.73050667,-0.062346458
11.73536,-0.061929226
11.74021333,-0.061273575
11.74506667,-0.060558319
11.74992,-0.059723854
11.75477333,-0.059127808
11.75962667,-0.05865097
11.76448,-0.058412552
11.76933333,-0.058352947
11.77418667,-0.058591366
11.77904,-0.058889389
11.78389333,-0.059425831
11.78874667,-0.059723854
11.7936,-0.059962273
11.79845333,-0.059843063
11.80330667,-0.059604645
11.80816,-0.058948994
11.81301333,-0.058174133
11.81786667,-0.057518482
11.82272,-0.056803226
11.82757333,-0.056445599
11.83242667,-0.056326389
11.83728,-0.056445599
11.84213333,-0.056684017
11.84698667,-0.05698204
11.85184,-0.057220459
11.85669333,-0.057399273
11.86154667,-0.057220459
11.8664,-0.056862831
11.87125333,-0.056326389
11.87610667,-0.055849552
11.88096,-0.055611134
11.88581333,-0.055730343
11.89066667,-0.05620718
11.89552,-0.057041645
11.90037333,-0.058114529
11.90522667,-0.059127808
11.91008,-0.060021877
11.91493333,-0.060677528
11.91978667,-0.060975552
11.92464,-0.061154366
11.92949333,-0.061094761
11.93434667,-0.060975552
11.9392,-0.060796738
11.94405333,-0.060677528
11.94890667,-0.06043911
11.95376,-0.060141087
11.95861333,-0.059664249
11.96346667,-0.059008598
11.96832,-0.058114529
11.97317333,-0.057160854
11.97802667,-0.056326389
11.98288,-0.055551529
11.98773333,-0.055253506
11.99258667,-0.055134296
11.99744,-0.055491924
12.00229333,-0.056028366
12.00714667,-0.056684017
12.012,-0.057280064
12.01685333,-0.05787611
12.02170667,-0.058412552
12.02656,-0.058829784
12.03141333,-0.059008598
12.03626667,-0.059068203
12.04112,-0.059068203
12.04597333,-0.058948994
12.05082667,-0.058889389
12.05568,-0.05877018
12.06053333,-0.058710575
12.06538667,-0.05877018
12.07024,-0.058889389
12.07509333,-0.059008598
12.07994667,-0.059306622
12.0848,-0.059783459
12.08965333,-0.060498714
12.09450667,-0.061273575
12.09936,-0.061988831
12.10421333,-0.062406063
12.10906667,-0.062286854
12.11392,-0.061750412
12.11877333,-0.060915947
12.12362667,-0.060081482
12.12848,-0.05954504
12.13333333,-0.059485435
12.13818667,-0.059664249
12.14304,-0.059962273
12.14789333,-0.060260296
12.15274667,-0.060319901
12.1576,-0.060319901
12.16245333,-0.060319901
12.16730667,-0.060260296
12.17216,-0.060319901
12.17701333,-0.060379505
12.18186667,-0.060558319
12.18672,-0.060498714
12.19157333,-0.060200691
12.19642667,-0.059723854
12.20128,-0.059068203
12.20613333,-0.058352947
12.21098667,-0.057637691
12.21584,-0.057220459
12.22069333,-0.05710125
12.22554667,-0.057280064
12.2304,-0.057697296
12.23525333,-0.057995319
12.24010667,-0.058174133
12.24496,-0.058054924
12.24981333,-0.057578087
12.25466667,-0.057041645
12.25952,-0.056624413
12.26437333,-0.056684017
12.26922667,-0.057041645
12.27408,-0.057935715
12.27893333,-0.058948994
12.28378667,-0.059962273
12.28864,-0.060737133
12.29349333,-0.061094761
12.29834667,-0.06121397
12.3032,-0.061094761
12.30805333,-0.060856342
12.31290667,-0.060737133
12.31776,-0.060796738
12.32261333,-0.061094761
12.32746667,-0.061333179
12.33232,-0.061392784
12.33717333,-0.061273575
12.34202667,-0.060796738
12.34688,-0.060021877
12.35173333,-0.059127808
12.35658667,-0.058233738
12.36144,-0.057637691
12.36629333,-0.057220459
12.37114667,-0.057160854
12.376,-0.057458878
12.38085333,-0.057935715
12.38570667,-0.058591366
12.39056,-0.059306622
12.39541333,-0.060021877
12.40026667,-0.060617924
12.40512,-0.060975552
12.40997333,-0.061273575
12.41482667,-0.061392784
12.41968,-0.061452389
12.42453333,-0.061452389
12.42938667,-0.061452389
12.43424,-0.061392784
12.43909333,-0.061452389
12.44394667,-0.061631203
12.4488,-0.061810017
12.45365333,-0.061929226
12.45850667,-0.061869621
12.46336,-0.061631203
12.46821333,-0.06121397
12.47306667,-0.060915947
12.47792,-0.060796738
12.48277333,-0.060915947
12.48762667,-0.061392784
12.49248,-0.06210804
12.49733333,-0.062704086
12.50218667,-0.063180923
12.50704,-0.063359737
12.51189333,-0.063121319
12.51674667,-0.062644482
12.5216,-0.061929226
12.52645333,-0.061392784
12.53130667,-0.060856342
12.53616,-0.060617924
12.54101333,-0.060617924
12.54586667,-0.060856342
12.55072,-0.06121397
12.55557333,-0.061869621
12.56042667,-0.062465668
12.56528,-0.063240528
12.57013333,-0.063836575
12.57498667,-0.064194202
12.57984,-0.06455183
12.58469333,-0.06467104
12.58954667,-0.06467104
12.5944,-0.064790249
12.59925333,-0.064969063
12.60410667,-0.065326691
12.60896,-0.065684319
12.61381333,-0.066041946
12.61866667,-0.066399574
12.62352,-0.066578388
12.62837333,-0.066518784
12.63322667,-0.066578388
12.63808,-0.066697598
12.64293333,-0.06711483
12.64778667,-0.06788969
12.65264,-0.068843365
12.65749333,-0.06967783
12.66234667,-0.070095062
12.6672,-0.070154667
12.67205333,-0.069618225
12.67690667,-0.068664551
12.68176,-0.067710876
12.68661333,-0.066757202
12.69146667,-0.065982342
12.69632,-0.0654459
12.70117333,-0.064969063
12.70602667,-0.06467104
12.71088,-0.064611435
12.71573333,-0.06455183
12.72058667,-0.064790249
12.72544,-0.065386295
12.73029333,-0.066399574
12.73514667,-0.067532063
12.74,-0.068664551
12.74485333,-0.06955862
12.74970667,-0.070095062
12.75456,-0.070095062
12.75941333,-0.069856644
12.76426667,-0.069499016
12.76912,-0.069260597
12.77397333,-0.069141388
12.77882667,-0.069141388
12.78368,-0.069200993
12.78853333,-0.069141388
12.79338667,-0.069081783
12.79824,-0.068902969
12.80309333,-0.068724155
12.80794667,-0.068664551
12.8128,-0.068545341
12.81765333,-0.068604946
12.82250667,-0.068604946
12.82736,-0.068485737
12.83221333,-0.068187714
12.83706667,-0.067710876
12.84192,-0.067234039
12.84677333,-0.066697598
12.85162667,-0.06633997
12.85648,-0.066161156
12.86133333,-0.066280365
12.86618667,-0.066518784
12.87104,-0.066816807
12.87589333,-0.066876411
12.88074667,-0.066936016
12.8856,-0.066637993
12.89045333,-0.066399574
12.89530667,-0.066280365
12.90016,-0.066161156
12.90501333,-0.06633997
12.90986667,-0.066637993
12.91472,-0.067174435
12.91957333,-0.067770481
12.92442667,-0.068247318
12.92928,-0.06878376
12.93413333,-0.069260597
12.93898667,-0.06967783
12.94384,-0.070095062
12.94869333,-0.070333481
12.95354667,-0.070512295
12.9584,-0.070512295
12.96325333,-0.07045269
12.96810667,-0.070393085
12.97296,-0.070214272
12.97781333,-0.070154667
12.98266667,-0.070095062
12.98752,-0.070095062
12.99237333,-0.070035458
12.99722667,-0.070035458
13.00208,-0.070214272
13.00693333,-0.07045269
13.01178667,-0.070810318
13.01664,-0.071465969
13.02149333,-0.072240829
13.02634667,-0.072956085
13.0312,-0.073730946
13.03605333,-0.074267387
13.04090667,-0.074565411
13.04576,-0.07468462
13.05061333,-0.074744225
13.05546667,-0.074803829
13.06032,-0.074744225
13.06517333,-0.074565411
13.07002667,-0.074326992
13.07488,-0.07379055
13.07973333,-0.07301569
13.08458667,-0.072181225
13.08944,-0.07134676
13.09429333,-0.070631504
13.09914667,-0.069975853
13.104,-0.06955862
13.10885333,-0.069081783
13.11370667,-0.068724155
13.11856,-0.068485737
13.12341333,-0.068485737
13.12826667,-0.068664551
13.13312,-0.069141388
13.13797333,-0.069797039
13.14282667,-0.070393085
13.14768,-0.070810318
13.15253333,-0.070810318
13.15738667,-0.070571899
13.16224,-0.070214272
13.16709333,-0.069916248
13.17194667,-0.069916248
13.1768,-0.070095062
13.18165333,-0.070571899
13.18650667,-0.070929527
13.19136,-0.07134676
13.19621333,-0.071287155
13.20106667,-0.071048737
13.20592,-0.07045269
13.21077333,-0.06967783
13.21562667,-0.06878376
13.22048,-0.068128109
13.22533333,-0.067710876
13.23018667,-0.067770481
13.23504,-0.068128109
13.23989333,-0.068664551
13.24474667,-0.069200993
13.2496,-0.06967783
13.25445333,-0.069856644
13.25930667,-0.069856644
13.26416,-0.069916248
13.26901333,-0.069975853
13.27386667,-0.070214272
13.27872,-0.070571899
13.28357333,-0.071108341
13.28842667,-0.071823597
13.29328,-0.072419643
13.29813333,-0.072956085
13.30298667,-0.073194504
13.30784,-0.073313713
13.31269333,-0.073552132
13.31754667,-0.07390976
13.3224,-0.074446201
13.32725333,-0.075221062
13.33210667,-0.075876713
13.33696,-0.076293945
13.34181333,-0.076174736
13.34666667,-0.075638294
13.35152,-0.074744225
13.35637333,-0.07379055
13.36122667,-0.072896481
13.36608,-0.072419643
13.37093333,-0.072240829
13.37578667,-0.072360039
13.38064,-0.072717667
13.38549333,-0.072956085
13.39034667,-0.072956085
13.3952,-0.072777271
13.40005333,-0.072300434
13.40490667,-0.071644783
13.40976,-0.071108341
13.41461333,-0.07045269
13.41946667,-0.069856644
13.42432,-0.069081783
13.42917333,-0.068485737
13.43402667,-0.067770481
13.43888,-0.067293644
13.44373333,-0.066995621
13.44858667,-0.06711483
13.45344,-0.067770481
13.45829333,-0.068664551
13.46314667,-0.069856644
13.468,-0.070929527
13.47285333,-0.071763992
13.47770667,-0.072181225
13.48256,-0.072300434
13.48741333,-0.072181225
13.49226667,-0.071942806
13.49712,-0.071644783
13.50197333,-0.071465969
13.50682667,-0.071406364
13.51168,-0.071465969
13.51653333,-0.071823597
13.52138667,-0.072240829
13.52624,-0.072956085
13.53109333,-0.073611736
13.53594667,-0.074207783
13.5408,-0.074565411
13.54565333,-0.074625015
13.55050667,-0.074207783
13.55536,-0.073611736
13.56021333,-0.072717667
13.56506667,-0.072002411
13.56992,-0.071585178
13.57477333,-0.071525574
13.57962667,-0.071644783
13.58448,-0.07212162
13.58933333,-0.072717667
13.59418667,-0.073432922
13.59904,-0.074028969
13.60389333,-0.074386597
13.60874667,-0.074446201
13.6136,-0.074326992
13.61845333,-0.074207783
13.62330667,-0.07390976
13.62816,-0.07379055
13.63301333,-0.073730946
13.63786667,-0.073611736
13.64272,-0.073492527
13.64757333,-0.073373318
13.65242667,-0.07301569
13.65728,-0.072598457
13.66213333,-0.072181225
13.66698667,-0.071644783
13.67184,-0.071167946
13.67669333,-0.070810318
13.68154667,-0.070631504
13.6864,-0.070631504
13.69125333,-0.070929527
13.69610667,-0.071406364
13.70096,-0.072062016
13.70581333,-0.072658062
13.71066667,-0.07301569
13.71552,-0.073134899
13.72037333,-0.073134899
13.72522667,-0.072896481
13.73008,-0.072598457
13.73493333,-0.072240829
13.73978667,-0.071883202
13.74464,-0.071585178
13.74949333,-0.071287155
13.75434667,-0.070929527
13.7592,-0.070691109
13.76405333,-0.070691109
13.76890667,-0.070750713
13.77376,-0.070929527
13.77861333,-0.071048737
13.78346667,-0.071048737
13.78832,-0.070869923
13.79317333,-0.07045269
13.79802667,-0.070095062
13.80288,-0.069856644
13.80773333,-0.069916248
13.81258667,-0.070333481
13.81744,-0.070929527
13.82229333,-0.071525574
13.82714667,-0.072002411
13.832,-0.072419643
13.83685333,-0.072419643
13.84170667,-0.072300434
13.84656,-0.072062016
13.85141333,-0.071704388
13.85626667,-0.071287155
13.86112,-0.070691109
13.86597333,-0.069856644
13.87082667,-0.068962574
13.87568,-0.068128109
13.88053333,-0.067472458
13.88538667,-0.06711483
13.89024,-0.067174435
13.89509333,-0.067472458
13.89994667,-0.06788969
13.9048,-0.068366528
13.90965333,-0.068724155
13.91450667,-0.069081783
13.91936,-0.069499016
13.92421333,-0.070035458
13.92906667,-0.070691109
13.93392,-0.071465969
13.93877333,-0.072300434
13.94362667,-0.072956085
13.94848,-0.073313713
13.95333333,-0.073373318
13.95818667,-0.073075294
13.96304,-0.072658062
13.96789333,-0.072062016
13.97274667,-0.071525574
13.9776,-0.071048737
13.98245333,-0.070691109
13.98730667,-0.070631504
13.99216,-0.070750713
13.99701333,-0.070989132
14.00186667,-0.071227551
14.00672,-0.071406364
14.01157333,-0.071465969
14.01642667,-0.071167946
14.02128,-0.070512295
14.02613333,-0.069737434
14.03098667,-0.068962574
14.03584,-0.068306923
14.04069333,-0.068068504
14.04554667,-0.0680089
14.0504,-0.068128109
14.05525333,-0.068485737
14.06010667,-0.068902969
14.06496,-0.069200993
14.06981333,-0.069499016
14.07466667,-0.069737434
14.07952,-0.070095062
14.08437333,-0.070631504
14.08922667,-0.071287155
14.09408,-0.07212162
14.09893333,-0.072956085
14.10378667,-0.073671341
14.10864,-0.074207783
14.11349333,-0.074326992
14.11834667,-0.074148178
14.1232,-0.073671341
14.12805333,-0.073075294
14.13290667,-0.072240829
14.13776,-0.071585178
14.14261333,-0.070989132
14.14746667,-0.070631504
14.15232,-0.070571899
14.15717333,-0.070691109
14.16202667,-0.070929527
14.16688,-0.071227551
14.17173333,-0.071525574
14.17658667,-0.071823597
14.18144,-0.072002411
14.18629333,-0.072181225
14.19114667,-0.072181225
14.196,-0.072360039
14.20085333,-0.072777271
14.20570667,-0.073671341
14.21056,-0.074565411
14.21541333,-0.07557869
14.22026667,-0.076293945
14.22512,-0.076591969
14.22997333,-0.076234341
14.23482667,-0.07545948
14.23968,-0.074326992
14.24453333,-0.073194504
14.24938667,-0.07212162
14.25424,-0.071287155
14.25909333,-0.070571899
14.26394667,-0.069916248
14.2688,-0.06955862
14.27365333,-0.069200993
14.27850667,-0.069081783
14.28336,-0.068962574
14.28821333,-0.069022179
14.29306667,-0.069260597
14.29792,-0.06955862
14.30277333,-0.06967783
14.30762667,-0.069797039
14.31248,-0.069737434
14.31733333,-0.06955862
14.32218667,-0.069022179
14.32704,-0.068426132
14.33189333,-0.06788969
14.33674667,-0.067353249
14.3416,-0.067174435
14.34645333,-0.067293644
14.35130667,-0.067710876
14.35616,-0.068485737
14.36101333,-0.069439411
14.36586667,-0.070691109
14.37072,-0.072002411
14.37557333,-0.073373318
14.38042667,-0.074625015
14.38528,-0.075638294
14.39013333,-0.076293945
14.39498667,-0.076651573
14.39984,-0.076711178
14.40469333,-0.076711178
14.40954667,-0.076472759
14.4144,-0.076174736
14.41925333,-0.075936317
14.42410667,-0.075757504
14.42896,-0.075519085
14.43381333,-0.07545948
14.43866667,-0.075519085
14.44352,-0.07557869
14.44837333,-0.075638294
14.45322667,-0.075519085
14.45808,-0.075101852
14.46293333,-0.074326992
14.46778667,-0.073254108
14.47264,-0.071942806
14.47749333,-0.070631504
14.48234667,-0.06955862
14.4872,-0.068843365
14.49205333,-0.068604946
14.49690667,-0.068962574
14.50176,-0.06967783
14.50661333,-0.070393085
14.51146667,-0.071108341
14.51632,-0.071465969
14.52117333,-0.071406364
14.52602667,-0.070989132
14.53088,-0.070571899
14.53573333,-0.070095062
14.54058667,-0.069856644
14.54544,-0.069856644
14.55029333,-0.070035458
14.55514667,-0.070512295
14.56,-0.070750713
14.56485333,-0.071167946
14.56970667,-0.071406364
14.57456,-0.071525574
14.57941333,-0.071644783
14.58426667,-0.071644783
14.58912,-0.071525574
14.59397333,-0.071167946
14.59882667,-0.070691109
14.60368,-0.070095062
14.60853333,-0.069618225
14.61338667,-0.069141388
14.61824,-0.068664551
14.62309333,-0.068485737
14.62794667,-0.068306923
14.6328,-0.0680089
14.63765333,-0.067591667
14.64250667,-0.067055225
14.64736,-0.066399574
14.65221333,-0.065922737
14.65706667,-0.065624714
14.66192,-0.065505505
14.66677333,-0.065684319
14.67162667,-0.066161156
14.67648,-0.066637993
14.68133333,-0.067234039
14.68618667,-0.067710876
14.69104,-0.068187714
14.69589333,-0.068604946
14.70074667,-0.068843365
14.7056,-0.068962574
14.71045333,-0.06878376
14.71530667,-0.068306923
14.72016,-0.067710876
14.72501333,-0.066936016
14.72986667,-0.066399574
14.73472,-0.065982342
14.73957333,-0.066041946
14.74442667,-0.06633997
14.74928,-0.066876411
14.75413333,-0.067293644
14.75898667,-0.067353249
14.76384,-0.067353249
14.76869333,-0.066876411
14.77354667,-0.066280365
14.7784,-0.065743923
14.78325333,-0.0654459
14.78810667,-0.065684319
14.79296,-0.06622076
14.79781333,-0.067174435
14.80266667,-0.068306923
14.80752,-0.069499016
14.81237333,-0.070512295
14.81722667,-0.071227551
14.82208,-0.071704388
14.82693333,-0.072002411
14.83178667,-0.07212162
14.83664,-0.07212162
14.84149333,-0.071883202
14.84634667,-0.071465969
14.8512,-0.070810318
14.85605333,-0.06967783
14.86090667,-0.068306923
14.86576,-0.066757202
14.87061333,-0.065386295
14.87546667,-0.064373016
14.88032,-0.063836575
14.88517333,-0.063836575
14.89002667,-0.064313412
14.89488,-0.064909458
14.89973333,-0.0654459
14.90458667,-0.065624714
14.90944,-0.065386295
14.91429333,-0.064730644
14.91914667,-0.063717365
14.924,-0.062704086
14.92885333,-0.061810017
14.93370667,-0.061392784
14.93856,-0.061452389
14.94341333,-0.061929226
14.94826667,-0.062704086
14.95312,-0.063836575
14.95797333,-0.064969063
14.96282667,-0.065922737
14.96768,-0.066697598
14.97253333,-0.067055225
14.97738667,-0.06711483
14.98224,-0.067055225
14.98709333,-0.067234039
14.99194667,-0.067591667
14.9968,-0.068187714
15.00165333,-0.06878376
15.00650667,-0.069200993
15.01136,-0.069200993
15.01621333,-0.068664551
15.02106667,-0.06788969
15.02592,-0.06711483
15.03077333,-0.066518784
15.03562667,-0.066459179
15.04048,-0.066757202
15.04533333,-0.067353249
15.05018667,-0.06788969
15.05504,-0.068306923
15.05989333,-0.068545341
15.06474667,-0.068366528
15.0696,-0.067949295
15.07445333,-0.067293644
15.07930667,-0.066518784
15.08416,-0.065684319
15.08901333,-0.064730644
15.09386667,-0.063836575
15.09872,-0.063061714
15.10357333,-0.062465668
15.10842667,-0.06210804
15.11328,-0.061988831
15.11813333,-0.061988831
15.12298667,-0.06210804
15.12784,-0.062227249
15.13269333,-0.062227249
15.13754667,-0.062346458
15.1424,-0.062406063
15.14725333,-0.062584877
15.15210667,-0.062823296
15.15696,-0.063240528
15.16181333,-0.063419342
15.16666667,-0.063598156
15.17152,-0.063419342
15.17637333,-0.06300211
15.18122667,-0.062465668
15.18608,-0.061690807
15.19093333,-0.060796738
15.19578667,-0.060081482
15.20064,-0.059485435
15.20549333,-0.059187412
15.21034667,-0.059306622
15.2152,-0.059962273
15.22005333,-0.060737133
15.22490667,-0.061631203
15.22976,-0.062286854
15.23461333,-0.062704086
15.23946667,-0.062644482
15.24432,-0.062167645
15.24917333,-0.061392784
15.25402667,-0.060617924
15.25888,-0.059902668
15.26373333,-0.059485435
15.26858667,-0.059366226
15.27344,-0.05954504
15.27829333,-0.059783459
15.28314667,-0.060081482
15.288,-0.060200691
15.29285333,-0.060319901
15.29770667,-0.060379505
15.30256,-0.060260296
15.30741333,-0.059962273
15.31226667,-0.05954504
15.31712,-0.058889389
15.32197333,-0.058114529
15.32682667,-0.057399273
15.33168,-0.056564808
15.33653333,-0.055909157
15.34138667,-0.05543232
15.34624,-0.055134296
15.35109333,-0.055074692
15.35594667,-0.05543232
15.3608,-0.056147575
15.36565333,-0.057220459
15.37050667,-0.058412552
15.37536,-0.059664249
15.38021333,-0.060796738
15.38506667,-0.061511993
15.38992,-0.061750412
15.39477333,-0.061511993
15.39962667,-0.060915947
15.40448,-0.060200691
15.40933333,-0.059425831
15.41418667,-0.05877018
15.41904,-0.058233738
15.42389333,-0.057816505
15.42874667,-0.057458878
15.4336,-0.057160854
15.43845333,-0.056922436
15.44330667,-0.056684017
15.44816,-0.056385994
15.45301333,-0.056087971
15.45786667,-0.055968761
15.46272,-0.056028366
15.46757333,-0.056445599
15.47242667,-0.057399273
15.47728,-0.05877018
15.48213333,-0.060558319
15.48698667,-0.062286854
15.49184,-0.063717365
15.49669333,-0.064611435
15.50154667,-0.065147877
15.5064,-0.065147877
15.51125333,-0.064969063
15.51610667,-0.064790249
15.52096,-0.064492226
15.52581333,-0.064134598
15.53066667,-0.063538551
15.53552,-0.06300211
15.54037333,-0.062346458
15.54522667,-0.062048435
15.55008,-0.061810017
15.55493333,-0.061929226
15.55978667,-0.062048435
15.56464,-0.062286854
15.56949333,-0.062465668
15.57434667,-0.062525272
15.5792,-0.062644482
15.58405333,-0.06300211
15.58890667,-0.063538551
15.59376,-0.064253807
15.59861333,-0.064909458
15.60346667,-0.065565109
15.60832,-0.065803528
15.61317333,-0.065922737
15.61802667,-0.065863132
15.62288,-0.065863132
15.62773333,-0.066161156
15.63258667,-0.066876411
15.63744,-0.0680089
15.64229333,-0.069200993
15.64714667,-0.070273876
15.652,-0.070929527
15.65685333,-0.071048737
15.66170667,-0.070869923
15.66656,-0.07045269
15.67141333,-0.070214272
15.67626667,-0.070333481
15.68112,-0.070869923
15.68597333,-0.071465969
15.69082667,-0.071883202
15.69568,-0.071883202
15.70053333,-0.071287155
15.70538667,-0.070333481
15.71024,-0.069260597
15.71509333,-0.068426132
15.71994667,-0.068068504
15.7248,-0.068426132
15.72965333,-0.069141388
15.73450667,-0.070095062
15.73936,-0.071048737
15.74421333,-0.072002411
15.74906667,-0.072717667
15.75392,-0.072956085
15.75877333,-0.072777271
15.76362667,-0.07212162
15.76848,-0.071167946
15.77333333,-0.070154667
15.77818667,-0.069320202
15.78304,-0.068962574
15.78789333,-0.069141388
15.79274667,-0.069618225
15.7976,-0.070512295
15.80245333,-0.071465969
15.80730667,-0.072181225
15.81216,-0.072658062
15.81701333,-0.072717667
15.82186667,-0.072538853
15.82672,-0.07212162
15.83157333,-0.071465969
15.83642667,-0.070750713
15.84128,-0.069975853
15.84613333,-0.069260597
15.85098667,-0.06878376
15.85584,-0.068604946
15.86069333,-0.068724155
15.86554667,-0.069081783
15.8704,-0.069618225
15.87525333,-0.070333481
15.88010667,-0.070989132
15.88496,-0.071585178
15.88981333,-0.071942806
15.89466667,-0.07212162
15.89952,-0.072300434
15.90437333,-0.072360039
15.90922667,-0.072419643
15.91408,-0.072240829
15.91893333,-0.07212162
15.92378667,-0.071704388
15.92864,-0.071167946
15.93349333,-0.070571899
15.93834667,-0.069975853
15.9432,-0.069618225
15.94805333,-0.06955862
15.95290667,-0.06967783
15.95776,-0.069916248
15.96261333,-0.070154667
15.96746667,-0.070273876
15.97232,-0.070154667
15.97717333,-0.069916248
15.98202667,-0.069618225
15.98688,-0.069320202
15.99173333,-0.069022179
15.99658667,-0.068843365
16.00144,-0.068545341
16.00629333,-0.068306923
16.01114667,-0.06788969
16.016,-0.067591667
16.02085333,-0.067234039
16.02570667,-0.066995621
16.03056,-0.066757202
16.03541333,-0.066578388
16.04026667,-0.066578388
16.04512,-0.066697598
16.04997333,-0.067234039
16.05482667,-0.068068504
16.05968,-0.069320202
16.06453333,-0.070810318
16.06938667,-0.072300434
16.07424,-0.073552132
16.07909333,-0.074326992
16.08394667,-0.074744225
16.0888,-0.07468462
16.09365333,-0.074565411
16.09850667,-0.074565411
16.10336,-0.074744225
16.10821333,-0.074923038
16.11306667,-0.075161457
16.11792,-0.075161457
16.12277333,-0.074863434
16.12762667,-0.074267387
16.13248,-0.073671341
16.13733333,-0.073373318
16.14218667,-0.073313713
16.14704,-0.073730946
16.15189333,-0.074207783
16.15674667,-0.074863434
16.1616,-0.075399876
16.16645333,-0.075638294
16.17130667,-0.07557869
16.17616,-0.075399876
16.18101333,-0.074863434
16.18586667,-0.074267387
16.19072,-0.073671341
16.19557333,-0.073194504
16.20042667,-0.072717667
16.20528,-0.072419643
16.21013333,-0.072181225
16.21498667,-0.072240829
16.21984,-0.072300434
16.22469333,-0.072717667
16.22954667,-0.073254108
16.2344,-0.073730946
16.23925333,-0.074088573
16.24410667,-0.074207783
16.24896,-0.074148178
16.25381333,-0.073969364
16.25866667,-0.073671341
16.26352,-0.073552132
16.26837333,-0.073671341
16.27322667,-0.074088573
16.27808,-0.074744225
16.28293333,-0.07557869
16.28778667,-0.076234341
16.29264,-0.076770782
16.29749333,-0.077009201
16.30234667,-0.077009201
16.3072,-0.076711178
16.31205333,-0.07635355
16.31690667,-0.076115131
16.32176,-0.075936317
16.32661333,-0.076115131
16.33146667,-0.076472759
16.33632,-0.076949596
16.34117333,-0.077366829
16.34602667,-0.077724457
16.35088,-0.077843666
16.35573333,-0.077545643
16.36058667,-0.076949596
16.36544,-0.076174736
16.37029333,-0.075399876
16.37514667,-0.074625015
16.38,-0.074088573
16.38485333,-0.07390976
16.38970667,-0.073969364
16.39456,-0.074207783
16.39941333,-0.074505806
16.40426667,-0.074744225
16.40912,-0.074803829
16.41397333,-0.07468462
16.41882667,-0.074326992
16.42368,-0.074088573
16.42853333,-0.073730946
16.43338667,-0.073552132
16.43824,-0.073313713
16.44309333,-0.073134899
16.44794667,-0.07301569
16.4528,-0.072717667
16.45765333,-0.072419643
16.46250667,-0.072240829
16.46736,-0.07212162
16.47221333,-0.072062016
16.47706667,-0.071942806
16.48192,-0.071823597
16.48677333,-0.071585178
16.49162667,-0.071048737
16.49648,-0.070393085
16.50133333,-0.069618225
16.50618667,-0.069022179
16.51104,-0.068724155
16.51589333,-0.068843365
16.52074667,-0.069260597
16.5256,-0.070035458
16.53045333,-0.070989132
16.53530667,-0.071763992
16.54016,-0.072479248
16.54501333,-0.07301569
16.54986667,-0.073552132
16.55472,-0.07379055
16.55957333,-0.074088573
16.56442667,-0.074386597
16.56928,-0.074386597
16.57413333,-0.074505806
16.57898667,-0.074386597
16.58384,-0.074386597
16.58869333,-0.074386597
16.59354667,-0.074505806
16.5984,-0.074565411
16.60325333,-0.074565411
16.60810667,-0.074207783
16.61296,-0.073671341
16.61781333,-0.073075294
16.62266667,-0.072598457
16.62752,-0.072479248
16.63237333,-0.072598457
16.63722667,-0.07301569
16.64208,-0.073313713
16.64693333,-0.073254108
16.65178667,-0.072956085
16.65664,-0.072300434
16.66149333,-0.071763992
16.66634667,-0.071227551
16.6712,-0.070929527
16.67605333,-0.070929527
16.68090667,-0.071048737
16.68576,-0.071108341
16.69061333,-0.071048737
16.69546667,-0.070750713
16.70032,-0.070273876
16.70517333,-0.069856644
16.71002667,-0.069499016
16.71488,-0.06967783
16.71973333,-0.070154667
16.72458667,-0.071108341
16.72944,-0.07212162
16.73429333,-0.072956085
16.73914667,-0.073611736
16.744,-0.073671341
16.74885333,-0.073254108
16.75370667,-0.072717667
16.75856,-0.071942806
16.76341333,-0.071465969
16.76826667,-0.071227551
16.77312,-0.071287155
16.77797333,-0.071525574
16.78282667,-0.071883202
16.78768,-0.07212162
16.79253333,-0.072360039
16.79738667,-0.072598457
16.80224,-0.072777271
16.80709333,-0.072956085
16.81194667,-0.07301569
16.8168,-0.07301569
16.82165333,-0.072836876
16.82650667,-0.072538853
16.83136,-0.072419643
16.83621333,-0.072360039
16.84106667,-0.072598457
16.84592,-0.072956085
16.85077333,-0.073432922
16.85562667,-0.07379055
16.86048,-0.074088573
16.86533333,-0.074207783
16.87018667,-0.074148178
16.87504,-0.074148178
16.87989333,-0.074326992
16.88474667,-0.074625015
16.8896,-0.074923038
16.89445333,-0.07545948
16.89930667,-0.075995922
16.90416,-0.076234341
16.90901333,-0.076651573
16.91386667,-0.076830387
16.91872,-0.077068806
16.92357333,-0.077188015
16.92842667,-0.07724762
16.93328,-0.077188015
16.93813333,-0.077068806
16.94298667,-0.076711178
16.94784,-0.076293945
16.95269333,-0.075757504
16.95754667,-0.075161457
16.9624,-0.074565411
16.96725333,-0.07379055
16.97210667,-0.073134899
16.97696,-0.072538853
16.98181333,-0.07212162
16.98666667,-0.072062016
16.99152,-0.07212162
16.99637333,-0.072360039
17.00122667,-0.072717667
17.00608,-0.072956085
17.01093333,-0.073075294
17.01578667,-0.072956085
17.02064,-0.072538853
17.02549333,-0.07212162
17.03034667,-0.071763992
17.0352,-0.071704388
17.04005333,-0.072062016
17.04490667,-0.072419643
17.04976,-0.072896481
17.05461333,-0.073194504
17.05946667,-0.073194504
17.06432,-0.07301569
17.06917333,-0.072598457
17.07402667,-0.072300434
17.07888,-0.072002411
17.08373333,-0.071644783
17.08858667,-0.071227551
17.09344,-0.070631504
17.09829333,-0.069737434
17.10314667,-0.068902969
17.108,-0.068068504
17.11285333,-0.067532063
17.11770667,-0.067651272
17.12256,-0.068187714
17.12741333,-0.069081783
17.13226667,-0.070214272
17.13712,-0.071227551
17.14197333,-0.071883202
17.14682667,-0.071942806
17.15168,-0.07134676
17.15653333,-0.070273876
17.16138667,-0.068843365
17.16624,-0.067591667
17.17109333,-0.066459179
17.17594667,-0.065803528
17.1808,-0.065386295
17.18565333,-0.065207481
17.19050667,-0.064969063
17.19536,-0.06455183
17.20021333,-0.064015388
17.20506667,-0.063240528
17.20992,-0.062465668
17.21477333,-0.062048435
17.21962667,-0.06210804
17.22448,-0.062763691
17.22933333,-0.063955784
17.23418667,-0.065565109
17.23904,-0.067293644
17.24389333,-0.069081783
17.24874667,-0.070631504
17.2536,-0.071942806
17.25845333,-0.072956085
17.26330667,-0.073611736
17.26816,-0.074088573
17.27301333,-0.074207783
17.27786667,-0.074148178
17.28272,-0.073671341
17.28757333,-0.072956085
17.29242667,-0.071883202
17.29728,-0.07045269
17.30213333,-0.068902969
17.30698667,-0.067472458
17.31184,-0.06633997
17.31669333,-0.065684319
17.32154667,-0.0654459
17.3264,-0.065684319
17.33125333,-0.065922737
17.33610667,-0.066280365
17.34096,-0.066578388
17.34581333,-0.066757202
17.35066667,-0.066816807
17.35552,-0.067055225
17.36037333,-0.067234039
17.36522667,-0.067472458
17.37008,-0.067651272
17.37493333,-0.067591667
17.37978667,-0.06711483
17.38464,-0.066518784
17.38949333,-0.065684319
17.39434667,-0.065207481
17.3992,-0.065028667
17.40405333,-0.0654459
17.40890667,-0.066459179
17.41376,-0.067770481
17.41861333,-0.069022179
17.42346667,-0.070095062
17.42832,-0.070631504
17.43317333,-0.070571899
17.43802667,-0.069916248
17.44288,-0.069141388
17.44773333,-0.068306923
17.45258667,-0.067710876
17.45744,-0.067353249
17.46229333,-0.067412853
17.46714667,-0.067591667
17.472,-0.067949295
17.47685333,-0.068247318
17.48170667,-0.068366528
17.48656,-0.068187714
17.49141333,-0.06788969
17.49626667,-0.067532063
17.50112,-0.066936016
17.50597333,-0.066578388
17.51082667,-0.066101551
17.51568,-0.065743923
17.52053333,-0.065386295
17.52538667,-0.064849854
17.53024,-0.064432621
17.53509333,-0.063896179
17.53994667,-0.063657761
17.5448,-0.063598156
17.54965333,-0.063836575
17.55450667,-0.064313412
17.55936,-0.065088272
17.56421333,-0.066041946
17.56906667,-0.066995621
17.57392,-0.06788969
17.57877333,-0.068545341
17.58362667,-0.068962574
17.58848,-0.068962574
17.59333333,-0.068724155
17.59818667,-0.068187714
17.60304,-0.067651272
17.60789333,-0.067353249
17.61274667,-0.067532063
17.6176,-0.068128109
17.62245333,-0.069141388
17.62730667,-0.070214272
17.63216,-0.071048737
17.63701333,-0.071465969
17.64186667,-0.071227551
17.64672,-0.07045269
17.65157333,-0.069260597
17.65642667,-0.06788969
17.66128,-0.066637993
17.66613333,-0.065982342
17.67098667,-0.065803528
17.67584,-0.066101551
17.68069333,-0.066936016
17.68554667,-0.067651272
17.6904,-0.068366528
17.69525333,-0.06878376
17.70010667,-0.06878376
17.70496,-0.068485737
17.70981333,-0.068068504
17.71466667,-0.067532063
17.71952,-0.067353249
17.72437333,-0.067472458
17.72922667,-0.0680089
17.73408,-0.068843365
17.73893333,-0.069737434
17.74378667,-0.070631504
17.74864,-0.071287155
17.75349333,-0.071585178
17.75834667,-0.071763992
17.7632,-0.071525574
17.76805333,-0.070869923
17.77290667,-0.070333481
17.77776,-0.069737434
17.78261333,-0.069081783
17.78746667,-0.068426132
17.79232,-0.067830086
17.79717333,-0.067412853
17.80202667,-0.067055225
17.80688,-0.066816807
17.81173333,-0.066757202
17.81658667,-0.066936016
17.82144,-0.067293644
17.82629333,-0.067710876
17.83114667,-0.0680089
17.836,-0.068426132
17.84085333,-0.068604946
17.84570667,-0.068664551
17.85056,-0.06878376
17.85541333,-0.068962574
17.86026667,-0.069022179
17.86512,-0.069022179
17.86997333,-0.06878376
17.87482667,-0.068366528
17.87968,-0.067651272
17.88453333,-0.066876411
17.88938667,-0.06622076
17.89424,-0.065863132
17.89909333,-0.065803528
17.90394667,-0.066041946
17.9088,-0.066518784
17.91365333,-0.06711483
17.91850667,-0.067591667
17.92336,-0.06788969
17.92821333,-0.068068504
17.93306667,-0.068187714
17.93792,-0.068247318
17.94277333,-0.068187714
17.94762667,-0.0680089
17.95248,-0.067949295
17.95733333,-0.067532063
17.96218667,-0.067055225
17.96704,-0.06633997
17.97189333,-0.065505505
17.97674667,-0.064730644
17.9816,-0.064194202
17.98645333,-0.064015388
17.99130667,-0.064313412
17.99616,-0.065088272
18.00101333,-0.065863132
18.00586667,-0.066637993
18.01072,-0.066936016
18.01557333,-0.066816807
18.02042667,-0.066161156
18.02528,-0.065207481
18.03013333,-0.064134598
18.03498667,-0.063359737
18.03984,-0.063061714
18.04469333,-0.063359737
18.04954667,-0.064015388
18.0544,-0.064969063
18.05925333,-0.065863132
18.06410667,-0.066518784
18.06896,-0.066697598
18.07381333,-0.066399574
18.07866667,-0.065863132
18.08352,-0.065147877
18.08837333,-0.06455183
18.09322667,-0.063955784
18.09808,-0.063419342
18.10293333,-0.062942505
18.10778667,-0.062525272
18.11264,-0.062048435
18.11749333,-0.061810017
18.12234667,-0.061750412
18.1272,-0.061988831
18.13205333,-0.062525272
18.13690667,-0.063359737
18.14176,-0.064253807
18.14661333,-0.064849854
18.15146667,-0.065386295
18.15632,-0.065624714
18.16117333,-0.065684319
18.16602667,-0.065803528
18.17088,-0.065922737
18.17573333,-0.066161156
18.18058667,-0.06622076
18.18544,-0.066161156
18.19029333,-0.065803528
18.19514667,-0.065207481
18.2,-0.064611435
18.20485333,-0.064074993
18.20970667,-0.063598156
18.21456,-0.063121319
18.21941333,-0.062823296
18.22426667,-0.062584877
18.22912,-0.062406063
18.23397333,-0.062167645
18.23882667,-0.062048435
18.24368,-0.061869621
18.24853333,-0.061810017
18.25338667,-0.061750412
18.25824,-0.061810017
18.26309333,-0.061810017
18.26794667,-0.061869621
18.2728,-0.061869621
18.27765333,-0.061929226
18.28250667,-0.061988831
18.28736,-0.062286854
18.29221333,-0.062704086
18.29706667,-0.063538551
18.30192,-0.06455183
18.30677333,-0.065505505
18.31162667,-0.066161156
18.31648,-0.06633997
18.32133333,-0.066041946
18.32618667,-0.065386295
18.33104,-0.064730644
18.33589333,-0.064194202
18.34074667,-0.064134598
18.3456,-0.064373016
18.35045333,-0.064969063
18.35530667,-0.065684319
18.36016,-0.066161156
18.36501333,-0.06622076
18.36986667,-0.065803528
18.37472,-0.064909458
18.37957333,-0.063717365
18.38442667,-0.062525272
18.38928,-0.061452389
18.39413333,-0.060915947
18.39898667,-0.061035156
18.40384,-0.061750412
18.40869333,-0.062942505
18.41354667,-0.064492226
18.4184,-0.065922737
18.42325333,-0.067174435
18.42810667,-0.068068504
18.43296,-0.068604946
18.43781333,-0.068724155
18.44266667,-0.068604946
18.44752,-0.068128109
18.45237333,-0.067472458
18.45722667,-0.066697598
18.46208,-0.065743923
18.46693333,-0.064730644
18.47178667,-0.063836575
18.47664,-0.063061714
18.48149333,-0.062525272
18.48634667,-0.062286854
18.4912,-0.062465668
18.49605333,-0.062942505
18.50090667,-0.063657761
18.50576,-0.064432621
18.51061333,-0.065147877
18.51546667,-0.065922737
18.52032,-0.066518784
18.52517333,-0.066995621
18.53002667,-0.067293644
18.53488,-0.067472458
18.53973333,-0.067472458
18.54458667,-0.067174435
18.54944,-0.066697598
18.55429333,-0.066101551
18.55914667,-0.065386295
18.564,-0.064730644
18.56885333,-0.064373016
18.57370667,-0.064253807
18.57856,-0.064313412
18.58341333,-0.06455183
18.58826667,-0.064909458
18.59312,-0.0654459
18.59797333,-0.066041946
18.60282667,-0.066697598
18.60768,-0.067353249
18.61253333,-0.068068504
18.61738667,-0.068664551
18.62224,-0.069081783
18.62709333,-0.069260597
18.63194667,-0.069141388
18.6368,-0.068724155
18.64165333,-0.068187714
18.64650667,-0.067591667
18.65136,-0.067174435
18.65621333,-0.066816807
18.66106667,-0.066816807
18.66592,-0.066936016
18.67077333,-0.066995621
18.67562667,-0.06711483
18.68048,-0.066876411
18.68533333,-0.066459179
18.69018667,-0.065803528
18.69504,-0.065028667
18.69989333,-0.064313412
18.70474667,-0.063717365
18.7096,-0.063300133
18.71445333,-0.063240528
18.71930667,-0.063240528
18.72416,-0.063419342
18.72901333,-0.063657761
18.73386667,-0.063896179
18.73872,-0.064194202
18.74357333,-0.064432621
18.74842667,-0.064492226
18.75328,-0.064611435
18.75813333,-0.06467104
18.76298667,-0.064611435
18.76784,-0.064373016
18.77269333,-0.064074993
18.77754667,-0.063717365
18.7824,-0.063419342
18.78725333,-0.063121319
18.79210667,-0.06300211
18.79696,-0.063061714
18.80181333,-0.063240528
18.80666667,-0.063478947
18.81152,-0.063717365
18.81637333,-0.064074993
18.82122667,-0.064432621
18.82608,-0.064730644
18.83093333,-0.064849854
18.83578667,-0.064909458
18.84064,-0.064849854
18.84549333,-0.064790249
18.85034667,-0.064611435
18.8552,-0.06455183
18.86005333,-0.064432621
18.86490667,-0.064492226
18.86976,-0.06467104
18.87461333,-0.064909458
18.87946667,-0.065147877
18.88432,-0.065624714
18.88917333,-0.065922737
18.89402667,-0.06622076
18.89888,-0.066399574
18.90373333,-0.066399574
18.90858667,-0.06633997
18.91344,-0.066161156
18.91829333,-0.066101551
18.92314667,-0.066101551
18.928,-0.066161156
18.93285333,-0.06622076
18.93770667,-0.066101551
18.94256,-0.065803528
18.94741333,-0.065386295
18.95226667,-0.064969063
18.95712,-0.06467104
18.96197333,-0.06455183
18.96682667,-0.064492226
18.97168,-0.064492226
18.97653333,-0.064611435
18.98138667,-0.06455183
18.98624,-0.064253807
18.99109333,-0.063717365
18.99594667,-0.063061714
19.0008,-0.062406063
19.00565333,-0.061750412
19.01050667,-0.06121397
19.01536,-0.060915947
19.02021333,-0.060856342
19.02506667,-0.061154366
19.02992,-0.061929226
19.03477333,-0.062942505
19.03962667,-0.064313412
19.04448,-0.065743923
19.04933333,-0.06711483
19.05418667,-0.068366528
19.05904,-0.069141388
19.06389333,-0.06955862
19.06874667,-0.069618225
19.0736,-0.069200993
19.07845333,-0.068426132
19.08330667,-0.067353249
19.08816,-0.06633997
19.09301333,-0.065386295
19.09786667,-0.064849854
19.10272,-0.06455183
19.10757333,-0.064313412
19.11242667,-0.064134598
19.11728,-0.06377697
19.12213333,-0.063419342
19.12698667,-0.06300211
19.13184,-0.062704086
19.13669333,-0.062763691
19.14154667,-0.0628829
19.1464,-0.063061714
19.15125333,-0.063061714
19.15610667,-0.062704086
19.16096,-0.06210804
19.16581333,-0.061273575
19.17066667,-0.060498714
19.17552,-0.059902668
19.18037333,-0.059843063
19.18522667,-0.060141087
19.19008,-0.060796738
19.19493333,-0.061511993
19.19978667,-0.062227249
19.20464,-0.0628829
19.20949333,-0.063598156
19.21434667,-0.064253807
19.2192,-0.064790249
19.22405333,-0.065088272
19.22890667,-0.065326691
19.23376,-0.065326691
19.23861333,-0.065088272
19.24346667,-0.064849854
19.24832,-0.064492226
19.25317333,-0.064253807
19.25802667,-0.064074993
19.26288,-0.063836575
19.26773333,-0.063598156
19.27258667,-0.063478947
19.27744,-0.063240528
19.28229333,-0.063300133
19.28714667,-0.063240528
19.292,-0.063180923
19.29685333,-0.06300211
19.30170667,-0.062644482
19.30656,-0.062048435
19.31141333,-0.061690807
19.31626667,-0.061452389
19.32112,-0.061631203
19.32597333,-0.062048435
19.33082667,-0.062704086
19.33568,-0.063359737
19.34053333,-0.06377697
19.34538667,-0.064015388
19.35024,-0.063896179
19.35509333,-0.063896179
19.35994667,-0.063955784
19.3648,-0.064074993
19.36965333,-0.064134598
19.37450667,-0.063955784
19.37936,-0.063657761
19.38421333,-0.063121319
19.38906667,-0.062406063
19.39392,-0.061750412
19.39877333,-0.06121397
19.40362667,-0.061035156
19.40848,-0.061154366
19.41333333,-0.061452389
19.41818667,-0.061929226
19.42304,-0.062406063
19.42789333,-0.06300211
19.43274667,-0.063478947
19.4376,-0.063896179
19.44245333,-0.064313412
19.44730667,-0.06455183
19.45216,-0.064730644
19.45701333,-0.06467104
19.46186667,-0.06455183
19.46672,-0.06467104
19.47157333,-0.064790249
19.47642667,-0.064909458
19.48128,-0.064849854
19.48613333,-0.064790249
19.49098667,-0.064373016
19.49584,-0.063478947
19.50069333,-0.062465668
19.50554667,-0.061511993
19.5104,-0.060498714
19.51525333,-0.059783459
19.52010667,-0.059425831
19.52496,-0.059306622
19.52981333,-0.059604645
19.53466667,-0.060200691
19.53952,-0.061035156
19.54437333,-0.061869621
19.54922667,-0.062584877
19.55408,-0.06300211
19.55893333,-0.062823296
19.56378667,-0.062227249
19.56864,-0.061333179
19.57349333,-0.060319901
19.57834667,-0.059425831
19.5832,-0.058889389
19.58805333,-0.058531761
19.59290667,-0.058412552
19.59776,-0.058352947
19.60261333,-0.058293343
19.60746667,-0.058472157
19.61232,-0.058591366
19.61717333,-0.058948994
19.62202667,-0.059604645
19.62688,-0.060379505
19.63173333,-0.061154366
19.63658667,-0.061988831
19.64144,-0.062525272
19.64629333,-0.062823296
19.65114667,-0.062823296
19.656,-0.062584877
19.66085333,-0.06210804
19.66570667,-0.061571598
19.67056,-0.061094761
19.67541333,-0.060737133
19.68026667,-0.060677528
19.68512,-0.060915947
19.68997333,-0.061333179
19.69482667,-0.061750412
19.69968,-0.06210804
19.70453333,-0.062465668
19.70938667,-0.062823296
19.71424,-0.063180923
19.71909333,-0.063419342
19.72394667,-0.063717365
19.7288,-0.06377697
19.73365333,-0.063419342
19.73850667,-0.062644482
19.74336,-0.061631203
19.74821333,-0.06043911
19.75306667,-0.059425831
19.75792,-0.058829784
19.76277333,-0.058889389
19.76762667,-0.059604645
19.77248,-0.060856342
19.77733333,-0.062227249
19.78218667,-0.063538551
19.78704,-0.064492226
19.79189333,-0.064790249
19.79674667,-0.06467104
19.8016,-0.063955784
19.80645333,-0.063240528
19.81130667,-0.062346458
19.81616,-0.061631203
19.82101333,-0.061094761
19.82586667,-0.060677528
19.83072,-0.06043911
19.83557333,-0.06043911
19.84042667,-0.060796738
19.84528,-0.061452389
19.85013333,-0.062346458
19.85498667,-0.063240528
19.85984,-0.064194202
19.86469333,-0.064849854
19.86954667,-0.065088272
19.8744,-0.065088272
19.87925333,-0.064730644
19.88410667,-0.064253807
19.88896,-0.063717365
19.89381333,-0.063180923
19.89866667,-0.0628829
19.90352,-0.062644482
19.90837333,-0.062525272
19.91322667,-0.062525272
19.91808,-0.062406063
19.92293333,-0.062227249
19.92778667,-0.061750412
19.93264,-0.061094761
19.93749333,-0.06043911
19.94234667,-0.059962273
19.9472,-0.059843063
19.95205333,-0.060260296
19.95690667,-0.060796738
19.96176,-0.062167645
19.96661333,-0.062823296
19.97146667,-0.063359737
19.97632,-0.063717365
19.98117333,-0.063896179
19.98602667,-0.064074993
